,Employee_ID,Department,Seniority_Level,Overall_Experience,Department_Experience,Debugging,Excel,System Administration,Networking,Hardware Management,Employee Engagement,System Design,C++,Communication,Cybersecurity,Conflict Resolution,Java,Algorithms,Machine Learning,Data Analysis,Cloud Computing,Python,Statistics,Recruitment,Organizational Development,SQL
1,1,Software Development,Senior,3,3,7,7,0,0,0,0,6,9,0,0,0,9,9,0,0,0,0,0,0,0,0
2,2,IT,Lead,9,6,0,0,10,10,9,0,0,0,0,9,0,0,0,0,0,10,0,0,0,0,0
3,3,HR,Junior,1,1,0,2,0,0,0,6,0,0,7,0,7,0,0,0,0,0,0,0,4,8,0
4,4,Software Development,Junior,1,1,0,6,0,0,0,0,4,3,0,0,0,2,9,0,0,0,0,0,0,0,0
5,5,Software Development,Junior,1,1,6,4,0,0,0,0,4,7,0,0,0,8,3,0,0,0,0,0,0,0,0
6,6,IT,Junior,1,1,0,0,2,6,0,0,0,0,0,0,0,0,0,0,0,9,0,0,0,0,0
7,7,HR,Junior,1,1,0,3,0,0,0,6,0,0,1,0,9,0,0,0,0,0,0,0,1,1,0
8,8,HR,Junior,1,1,0,4,0,0,0,7,0,0,1,0,9,0,0,0,0,0,0,0,5,3,0
9,9,Software Development,Junior,1,1,7,7,0,0,0,0,4,2,0,0,0,3,8,0,0,0,0,0,0,0,0
10,10,Data Science,Senior,3,3,0,0,0,0,0,0,0,0,0,0,0,0,0,9,8,0,9,9,0,0,9
11,11,Software Development,Lead,9,8,10,8,0,0,0,0,9,8,0,0,0,9,9,0,0,0,0,0,0,0,0
12,12,Software Development,Junior,1,1,5,3,0,0,0,0,4,3,0,0,0,3,9,0,0,0,0,0,0,0,0
13,13,Software Development,Senior,4,3,9,8,0,0,0,0,7,9,0,0,0,7,8,0,0,0,0,0,0,0,0
14,14,Software Development,Senior,3,3,8,8,0,0,0,0,7,8,0,0,0,9,7,0,0,0,0,0,0,0,0
15,15,IT,Lead,9,8,0,0,9,9,8,0,0,0,0,9,0,0,0,0,0,9,0,0,0,0,0
16,16,HR,Junior,1,1,0,0,0,0,0,2,0,0,7,0,6,0,0,0,0,0,0,0,7,0,0
17,17,IT,Lead,9,8,0,0,10,10,9,0,0,0,0,10,0,0,0,0,0,8,0,0,0,0,0
18,18,IT,Junior,1,1,0,0,8,9,7,0,0,0,0,4,0,0,0,0,0,1,0,0,0,0,0
19,19,IT,Senior,4,4,0,0,8,6,9,0,0,0,0,6,0,0,0,0,0,7,0,0,0,0,0
20,20,Software Development,Senior,4,4,8,8,0,0,0,0,8,6,0,0,0,9,7,0,0,0,0,0,0,0,0
21,21,Data Science,Senior,4,3,0,0,0,0,0,0,0,0,0,0,0,0,0,6,6,0,8,9,0,0,8
22,22,HR,Senior,4,3,0,7,0,0,0,7,0,0,9,0,8,0,0,0,0,0,0,0,9,6,0
23,23,Data Science,Lead,7,6,0,0,0,0,0,0,0,0,0,0,0,0,0,9,10,0,8,10,0,0,10
24,24,IT,Junior,1,1,0,0,6,8,1,0,0,0,0,2,0,0,0,0,0,6,0,0,0,0,0
25,25,IT,Junior,1,1,0,0,0,3,7,0,0,0,0,8,0,0,0,0,0,0,0,0,0,0,0
26,26,Data Science,Lead,7,6,0,0,0,0,0,0,0,0,0,0,0,0,0,8,8,0,9,9,0,0,10
27,27,Data Science,Junior,1,1,0,0,0,0,0,0,0,0,0,0,0,0,0,6,7,0,5,8,0,0,3
28,28,Data Science,Senior,3,3,0,0,0,0,0,0,0,0,0,0,0,0,0,8,7,0,6,8,0,0,9
29,29,IT,Junior,1,1,0,0,2,5,4,0,0,0,0,7,0,0,0,0,0,2,0,0,0,0,0
30,30,IT,Senior,3,3,0,0,7,6,7,0,0,0,0,7,0,0,0,0,0,9,0,0,0,0,0
31,31,HR,Lead,9,9,0,9,0,0,0,10,0,0,8,0,9,0,0,0,0,0,0,0,9,8,0
32,32,HR,Junior,1,1,0,3,0,0,0,2,0,0,2,0,0,0,0,0,0,0,0,0,9,4,0
33,33,IT,Lead,9,6,0,0,8,10,10,0,0,0,0,8,0,0,0,0,0,9,0,0,0,0,0
34,34,Data Science,Junior,1,1,0,0,0,0,0,0,0,0,0,0,0,0,0,6,5,0,9,3,0,0,3
35,35,Data Science,Senior,3,3,0,0,0,0,0,0,0,0,0,0,0,0,0,8,7,0,6,7,0,0,6
36,36,HR,Lead,6,6,0,8,0,0,0,8,0,0,8,0,9,0,0,0,0,0,0,0,8,8,0
37,37,IT,Junior,1,1,0,0,1,0,9,0,0,0,0,7,0,0,0,0,0,7,0,0,0,0,0
38,38,HR,Senior,3,3,0,9,0,0,0,8,0,0,8,0,7,0,0,0,0,0,0,0,6,9,0
39,39,HR,Lead,7,6,0,8,0,0,0,10,0,0,9,0,8,0,0,0,0,0,0,0,10,10,0
40,40,Software Development,Lead,8,6,9,9,0,0,0,0,10,8,0,0,0,8,9,0,0,0,0,0,0,0,0
41,41,Software Development,Junior,1,1,4,4,0,0,0,0,1,6,0,0,0,0,1,0,0,0,0,0,0,0,0
42,42,Software Development,Junior,1,1,3,8,0,0,0,0,7,0,0,0,0,6,2,0,0,0,0,0,0,0,0
43,43,Data Science,Junior,1,1,0,0,0,0,0,0,0,0,0,0,0,0,0,4,6,0,3,3,0,0,9
44,44,IT,Senior,4,4,0,0,7,6,9,0,0,0,0,6,0,0,0,0,0,6,0,0,0,0,0
45,45,IT,Junior,1,1,0,0,0,0,1,0,0,0,0,2,0,0,0,0,0,8,0,0,0,0,0
46,46,IT,Lead,9,6,0,0,9,9,8,0,0,0,0,8,0,0,0,0,0,10,0,0,0,0,0
47,47,IT,Lead,6,6,0,0,10,8,9,0,0,0,0,10,0,0,0,0,0,9,0,0,0,0,0
48,48,Software Development,Junior,1,1,4,4,0,0,0,0,0,0,0,0,0,6,9,0,0,0,0,0,0,0,0
49,49,Data Science,Junior,1,1,0,0,0,0,0,0,0,0,0,0,0,0,0,7,5,0,7,5,0,0,6
50,50,Data Science,Lead,9,7,0,0,0,0,0,0,0,0,0,0,0,0,0,8,10,0,9,9,0,0,8
51,51,Software Development,Senior,4,4,8,9,0,0,0,0,8,6,0,0,0,6,8,0,0,0,0,0,0,0,0
52,52,Data Science,Junior,1,1,0,0,0,0,0,0,0,0,0,0,0,0,0,2,1,0,0,7,0,0,4
53,53,Software Development,Junior,1,1,2,7,0,0,0,0,0,6,0,0,0,2,5,0,0,0,0,0,0,0,0
54,54,IT,Lead,7,7,0,0,10,9,10,0,0,0,0,9,0,0,0,0,0,8,0,0,0,0,0
55,55,Software Development,Junior,1,1,0,3,0,0,0,0,5,3,0,0,0,3,9,0,0,0,0,0,0,0,0
56,56,IT,Senior,4,4,0,0,6,6,7,0,0,0,0,9,0,0,0,0,0,9,0,0,0,0,0
57,57,IT,Lead,6,6,0,0,9,8,9,0,0,0,0,10,0,0,0,0,0,10,0,0,0,0,0
58,58,HR,Junior,1,1,0,1,0,0,0,7,0,0,2,0,0,0,0,0,0,0,0,0,7,9,0
59,59,Software Development,Lead,8,6,8,10,0,0,0,0,9,9,0,0,0,10,10,0,0,0,0,0,0,0,0
60,60,HR,Junior,1,1,0,2,0,0,0,6,0,0,7,0,8,0,0,0,0,0,0,0,7,1,0
61,61,Software Development,Junior,1,1,8,9,0,0,0,0,5,7,0,0,0,9,9,0,0,0,0,0,0,0,0
62,62,Software Development,Junior,1,1,2,7,0,0,0,0,9,7,0,0,0,3,2,0,0,0,0,0,0,0,0
63,63,HR,Senior,4,3,0,8,0,0,0,8,0,0,8,0,9,0,0,0,0,0,0,0,7,6,0
64,64,HR,Senior,4,3,0,8,0,0,0,6,0,0,9,0,9,0,0,0,0,0,0,0,6,7,0
65,65,Software Development,Lead,8,7,10,10,0,0,0,0,9,10,0,0,0,10,10,0,0,0,0,0,0,0,0
66,66,Data Science,Junior,1,1,0,0,0,0,0,0,0,0,0,0,0,0,0,8,1,0,0,2,0,0,5
67,67,IT,Junior,1,1,0,0,0,9,8,0,0,0,0,4,0,0,0,0,0,3,0,0,0,0,0
68,68,HR,Senior,4,4,0,9,0,0,0,7,0,0,7,0,6,0,0,0,0,0,0,0,6,6,0
69,69,IT,Junior,1,1,0,0,8,5,9,0,0,0,0,9,0,0,0,0,0,3,0,0,0,0,0
70,70,Data Science,Senior,3,3,0,0,0,0,0,0,0,0,0,0,0,0,0,6,7,0,6,6,0,0,9
71,71,Data Science,Junior,1,1,0,0,0,0,0,0,0,0,0,0,0,0,0,6,3,0,5,1,0,0,0
72,72,Data Science,Lead,9,6,0,0,0,0,0,0,0,0,0,0,0,0,0,10,10,0,10,9,0,0,9
73,73,HR,Junior,1,1,0,6,0,0,0,3,0,0,9,0,0,0,0,0,0,0,0,0,8,7,0
74,74,Data Science,Junior,1,1,0,0,0,0,0,0,0,0,0,0,0,0,0,4,6,0,4,4,0,0,9
75,75,HR,Senior,4,4,0,6,0,0,0,7,0,0,8,0,6,0,0,0,0,0,0,0,6,6,0
76,76,Data Science,Junior,1,1,0,0,0,0,0,0,0,0,0,0,0,0,0,7,2,0,1,6,0,0,0
77,77,IT,Junior,1,1,0,0,8,9,5,0,0,0,0,7,0,0,0,0,0,9,0,0,0,0,0
78,78,IT,Senior,3,3,0,0,9,8,7,0,0,0,0,8,0,0,0,0,0,6,0,0,0,0,0
79,79,Software Development,Lead,6,6,8,8,0,0,0,0,10,9,0,0,0,10,10,0,0,0,0,0,0,0,0
80,80,IT,Lead,8,8,0,0,8,9,10,0,0,0,0,8,0,0,0,0,0,8,0,0,0,0,0
81,81,Software Development,Senior,3,3,7,6,0,0,0,0,7,8,0,0,0,6,7,0,0,0,0,0,0,0,0
82,82,IT,Senior,4,3,0,0,6,6,7,0,0,0,0,7,0,0,0,0,0,8,0,0,0,0,0
83,83,HR,Senior,3,3,0,6,0,0,0,7,0,0,9,0,8,0,0,0,0,0,0,0,9,6,0
84,84,IT,Senior,4,4,0,0,6,7,6,0,0,0,0,6,0,0,0,0,0,7,0,0,0,0,0
85,85,Software Development,Senior,3,3,8,7,0,0,0,0,6,7,0,0,0,9,7,0,0,0,0,0,0,0,0
86,86,Software Development,Lead,8,7,8,10,0,0,0,0,10,8,0,0,0,10,9,0,0,0,0,0,0,0,0
87,87,Data Science,Lead,9,6,0,0,0,0,0,0,0,0,0,0,0,0,0,8,10,0,8,9,0,0,10
88,88,HR,Senior,3,3,0,6,0,0,0,7,0,0,6,0,6,0,0,0,0,0,0,0,7,8,0
89,89,IT,Junior,1,1,0,0,3,1,4,0,0,0,0,9,0,0,0,0,0,9,0,0,0,0,0
90,90,Data Science,Senior,3,3,0,0,0,0,0,0,0,0,0,0,0,0,0,8,9,0,7,7,0,0,7
91,91,IT,Junior,1,1,0,0,6,1,0,0,0,0,0,3,0,0,0,0,0,8,0,0,0,0,0
92,92,IT,Senior,3,3,0,0,8,9,8,0,0,0,0,9,0,0,0,0,0,8,0,0,0,0,0
93,93,Data Science,Senior,3,3,0,0,0,0,0,0,0,0,0,0,0,0,0,8,9,0,8,8,0,0,8
94,94,Data Science,Lead,9,6,0,0,0,0,0,0,0,0,0,0,0,0,0,10,9,0,10,8,0,0,10
95,95,Data Science,Junior,1,1,0,0,0,0,0,0,0,0,0,0,0,0,0,1,0,0,0,2,0,0,6
96,96,Data Science,Junior,1,1,0,0,0,0,0,0,0,0,0,0,0,0,0,9,4,0,3,3,0,0,5
97,97,Data Science,Lead,7,7,0,0,0,0,0,0,0,0,0,0,0,0,0,8,9,0,10,8,0,0,9
98,98,IT,Lead,6,6,0,0,10,9,10,0,0,0,0,10,0,0,0,0,0,9,0,0,0,0,0
99,99,Data Science,Lead,6,6,0,0,0,0,0,0,0,0,0,0,0,0,0,8,10,0,10,8,0,0,10
100,100,HR,Lead,6,6,0,8,0,0,0,10,0,0,9,0,10,0,0,0,0,0,0,0,10,9,0
101,101,Software Development,Junior,1,1,1,1,0,0,0,0,9,2,0,0,0,8,5,0,0,0,0,0,0,0,0
102,102,Data Science,Junior,1,1,0,0,0,0,0,0,0,0,0,0,0,0,0,6,1,0,4,6,0,0,4
103,103,Data Science,Senior,4,3,0,0,0,0,0,0,0,0,0,0,0,0,0,9,7,0,7,6,0,0,7
104,104,IT,Senior,4,4,0,0,7,9,6,0,0,0,0,9,0,0,0,0,0,8,0,0,0,0,0
105,105,Data Science,Lead,9,9,0,0,0,0,0,0,0,0,0,0,0,0,0,10,9,0,9,8,0,0,9
106,106,Data Science,Lead,9,6,0,0,0,0,0,0,0,0,0,0,0,0,0,10,10,0,9,10,0,0,9
107,107,Data Science,Lead,8,7,0,0,0,0,0,0,0,0,0,0,0,0,0,8,10,0,10,8,0,0,10
108,108,IT,Senior,3,3,0,0,7,6,6,0,0,0,0,8,0,0,0,0,0,9,0,0,0,0,0
109,109,Data Science,Senior,3,3,0,0,0,0,0,0,0,0,0,0,0,0,0,8,7,0,9,6,0,0,7
110,110,Software Development,Senior,4,4,6,8,0,0,0,0,8,9,0,0,0,7,8,0,0,0,0,0,0,0,0
111,111,IT,Senior,3,3,0,0,9,7,6,0,0,0,0,8,0,0,0,0,0,9,0,0,0,0,0
112,112,Software Development,Senior,4,3,8,6,0,0,0,0,7,6,0,0,0,7,6,0,0,0,0,0,0,0,0
113,113,IT,Senior,4,3,0,0,8,8,8,0,0,0,0,7,0,0,0,0,0,6,0,0,0,0,0
114,114,Data Science,Senior,3,3,0,0,0,0,0,0,0,0,0,0,0,0,0,9,9,0,6,8,0,0,8
115,115,Software Development,Lead,8,7,8,9,0,0,0,0,8,9,0,0,0,8,10,0,0,0,0,0,0,0,0
116,116,IT,Lead,6,6,0,0,9,9,8,0,0,0,0,9,0,0,0,0,0,9,0,0,0,0,0
117,117,HR,Lead,7,7,0,10,0,0,0,8,0,0,10,0,8,0,0,0,0,0,0,0,10,9,0
118,118,Data Science,Lead,9,9,0,0,0,0,0,0,0,0,0,0,0,0,0,10,10,0,9,10,0,0,9
119,119,IT,Senior,3,3,0,0,8,6,7,0,0,0,0,6,0,0,0,0,0,6,0,0,0,0,0
120,120,HR,Junior,1,1,0,1,0,0,0,1,0,0,6,0,8,0,0,0,0,0,0,0,0,9,0
121,121,IT,Senior,3,3,0,0,6,7,8,0,0,0,0,8,0,0,0,0,0,9,0,0,0,0,0
122,122,HR,Junior,1,1,0,5,0,0,0,2,0,0,2,0,4,0,0,0,0,0,0,0,1,9,0
123,123,Data Science,Lead,9,6,0,0,0,0,0,0,0,0,0,0,0,0,0,10,9,0,10,8,0,0,10
124,124,Software Development,Senior,3,3,7,8,0,0,0,0,7,8,0,0,0,9,7,0,0,0,0,0,0,0,0
125,125,HR,Lead,7,6,0,10,0,0,0,10,0,0,10,0,10,0,0,0,0,0,0,0,10,10,0
126,126,IT,Senior,4,3,0,0,9,7,9,0,0,0,0,8,0,0,0,0,0,9,0,0,0,0,0
127,127,Data Science,Lead,8,6,0,0,0,0,0,0,0,0,0,0,0,0,0,8,10,0,9,8,0,0,10
128,128,HR,Junior,1,1,0,4,0,0,0,3,0,0,0,0,4,0,0,0,0,0,0,0,7,7,0
129,129,IT,Junior,1,1,0,0,6,9,5,0,0,0,0,3,0,0,0,0,0,4,0,0,0,0,0
130,130,IT,Junior,1,1,0,0,2,9,3,0,0,0,0,6,0,0,0,0,0,4,0,0,0,0,0
131,131,IT,Senior,3,3,0,0,9,8,8,0,0,0,0,9,0,0,0,0,0,7,0,0,0,0,0
132,132,HR,Junior,1,1,0,3,0,0,0,4,0,0,2,0,4,0,0,0,0,0,0,0,9,6,0
133,133,HR,Senior,3,3,0,9,0,0,0,6,0,0,6,0,7,0,0,0,0,0,0,0,9,8,0
134,134,HR,Junior,1,1,0,3,0,0,0,1,0,0,1,0,4,0,0,0,0,0,0,0,5,5,0
135,135,Software Development,Junior,1,1,3,5,0,0,0,0,1,6,0,0,0,2,5,0,0,0,0,0,0,0,0
136,136,HR,Senior,3,3,0,8,0,0,0,8,0,0,9,0,9,0,0,0,0,0,0,0,9,6,0
137,137,HR,Senior,4,3,0,8,0,0,0,7,0,0,8,0,9,0,0,0,0,0,0,0,7,8,0
138,138,HR,Junior,1,1,0,1,0,0,0,8,0,0,8,0,3,0,0,0,0,0,0,0,3,1,0
139,139,Software Development,Senior,4,3,6,7,0,0,0,0,7,8,0,0,0,9,8,0,0,0,0,0,0,0,0
140,140,HR,Junior,1,1,0,9,0,0,0,1,0,0,9,0,9,0,0,0,0,0,0,0,3,8,0
141,141,IT,Senior,4,3,0,0,7,8,8,0,0,0,0,9,0,0,0,0,0,7,0,0,0,0,0
142,142,HR,Lead,6,6,0,10,0,0,0,8,0,0,10,0,8,0,0,0,0,0,0,0,10,8,0
143,143,IT,Lead,7,6,0,0,9,10,9,0,0,0,0,8,0,0,0,0,0,10,0,0,0,0,0
144,144,IT,Lead,6,6,0,0,10,9,8,0,0,0,0,9,0,0,0,0,0,9,0,0,0,0,0
145,145,IT,Lead,8,6,0,0,10,10,8,0,0,0,0,10,0,0,0,0,0,10,0,0,0,0,0
146,146,Software Development,Lead,6,6,9,10,0,0,0,0,9,10,0,0,0,8,10,0,0,0,0,0,0,0,0
147,147,Software Development,Junior,1,1,9,6,0,0,0,0,0,0,0,0,0,0,4,0,0,0,0,0,0,0,0
148,148,Software Development,Lead,8,7,9,10,0,0,0,0,9,10,0,0,0,9,10,0,0,0,0,0,0,0,0
149,149,HR,Lead,6,6,0,10,0,0,0,10,0,0,10,0,10,0,0,0,0,0,0,0,8,9,0
150,150,IT,Lead,8,6,0,0,9,9,8,0,0,0,0,9,0,0,0,0,0,9,0,0,0,0,0
151,151,Software Development,Lead,7,7,9,8,0,0,0,0,8,8,0,0,0,9,9,0,0,0,0,0,0,0,0
152,152,Software Development,Senior,3,3,7,8,0,0,0,0,6,9,0,0,0,6,7,0,0,0,0,0,0,0,0
153,153,HR,Junior,1,1,0,1,0,0,0,5,0,0,4,0,8,0,0,0,0,0,0,0,5,3,0
154,154,Software Development,Lead,7,6,8,9,0,0,0,0,9,8,0,0,0,10,9,0,0,0,0,0,0,0,0
155,155,HR,Lead,7,7,0,9,0,0,0,8,0,0,8,0,9,0,0,0,0,0,0,0,9,8,0
156,156,Data Science,Lead,8,8,0,0,0,0,0,0,0,0,0,0,0,0,0,10,9,0,9,10,0,0,8
157,157,Software Development,Junior,1,1,3,6,0,0,0,0,1,8,0,0,0,1,4,0,0,0,0,0,0,0,0
158,158,Data Science,Senior,3,3,0,0,0,0,0,0,0,0,0,0,0,0,0,7,7,0,9,7,0,0,6
159,159,HR,Junior,1,1,0,5,0,0,0,7,0,0,4,0,1,0,0,0,0,0,0,0,1,9,0
160,160,IT,Senior,3,3,0,0,9,9,9,0,0,0,0,7,0,0,0,0,0,6,0,0,0,0,0
161,161,Software Development,Lead,9,7,8,8,0,0,0,0,8,10,0,0,0,9,8,0,0,0,0,0,0,0,0
162,162,HR,Lead,6,6,0,10,0,0,0,10,0,0,9,0,10,0,0,0,0,0,0,0,9,8,0
163,163,IT,Junior,1,1,0,0,2,4,4,0,0,0,0,3,0,0,0,0,0,7,0,0,0,0,0
164,164,IT,Junior,1,1,0,0,6,6,0,0,0,0,0,5,0,0,0,0,0,6,0,0,0,0,0
165,165,Data Science,Senior,4,4,0,0,0,0,0,0,0,0,0,0,0,0,0,9,6,0,9,6,0,0,8
166,166,HR,Senior,3,3,0,6,0,0,0,9,0,0,7,0,7,0,0,0,0,0,0,0,8,6,0
167,167,IT,Junior,1,1,0,0,4,3,7,0,0,0,0,6,0,0,0,0,0,0,0,0,0,0,0
168,168,Software Development,Senior,3,3,8,7,0,0,0,0,6,8,0,0,0,8,9,0,0,0,0,0,0,0,0
169,169,Software Development,Junior,1,1,2,4,0,0,0,0,7,6,0,0,0,5,3,0,0,0,0,0,0,0,0
170,170,Data Science,Senior,4,3,0,0,0,0,0,0,0,0,0,0,0,0,0,8,6,0,6,8,0,0,7
171,171,IT,Junior,1,1,0,0,7,5,4,0,0,0,0,1,0,0,0,0,0,8,0,0,0,0,0
172,172,HR,Junior,1,1,0,5,0,0,0,3,0,0,6,0,6,0,0,0,0,0,0,0,0,6,0
173,173,Software Development,Junior,1,1,3,2,0,0,0,0,9,5,0,0,0,7,2,0,0,0,0,0,0,0,0
174,174,IT,Senior,4,3,0,0,6,8,6,0,0,0,0,7,0,0,0,0,0,8,0,0,0,0,0
175,175,IT,Senior,3,3,0,0,7,6,6,0,0,0,0,7,0,0,0,0,0,9,0,0,0,0,0
176,176,Data Science,Senior,4,4,0,0,0,0,0,0,0,0,0,0,0,0,0,8,6,0,6,8,0,0,9
177,177,Software Development,Junior,1,1,8,6,0,0,0,0,3,4,0,0,0,2,3,0,0,0,0,0,0,0,0
178,178,Software Development,Senior,4,4,8,6,0,0,0,0,8,7,0,0,0,8,7,0,0,0,0,0,0,0,0
179,179,HR,Senior,4,3,0,9,0,0,0,9,0,0,6,0,6,0,0,0,0,0,0,0,6,7,0
180,180,Software Development,Junior,1,1,7,3,0,0,0,0,5,4,0,0,0,3,2,0,0,0,0,0,0,0,0
181,181,HR,Lead,9,9,0,10,0,0,0,10,0,0,9,0,9,0,0,0,0,0,0,0,9,10,0
182,182,Software Development,Junior,1,1,6,2,0,0,0,0,7,3,0,0,0,8,2,0,0,0,0,0,0,0,0
183,183,Data Science,Senior,4,4,0,0,0,0,0,0,0,0,0,0,0,0,0,8,7,0,8,8,0,0,8
184,184,Software Development,Junior,1,1,2,5,0,0,0,0,5,9,0,0,0,9,1,0,0,0,0,0,0,0,0
185,185,HR,Lead,8,7,0,10,0,0,0,9,0,0,9,0,8,0,0,0,0,0,0,0,8,10,0
186,186,HR,Junior,1,1,0,3,0,0,0,7,0,0,3,0,6,0,0,0,0,0,0,0,5,6,0
187,187,Data Science,Senior,3,3,0,0,0,0,0,0,0,0,0,0,0,0,0,7,7,0,6,7,0,0,9
188,188,Software Development,Lead,7,7,9,8,0,0,0,0,8,10,0,0,0,10,8,0,0,0,0,0,0,0,0
189,189,Software Development,Senior,3,3,6,6,0,0,0,0,6,9,0,0,0,9,6,0,0,0,0,0,0,0,0
190,190,Data Science,Lead,6,6,0,0,0,0,0,0,0,0,0,0,0,0,0,8,9,0,9,10,0,0,9
191,191,Software Development,Lead,9,9,10,9,0,0,0,0,9,10,0,0,0,8,9,0,0,0,0,0,0,0,0
192,192,Software Development,Junior,1,1,8,9,0,0,0,0,6,6,0,0,0,8,1,0,0,0,0,0,0,0,0
193,193,HR,Junior,1,1,0,2,0,0,0,2,0,0,8,0,0,0,0,0,0,0,0,0,5,3,0
194,194,Software Development,Senior,3,3,9,7,0,0,0,0,6,9,0,0,0,7,8,0,0,0,0,0,0,0,0
195,195,Software Development,Junior,1,1,5,9,0,0,0,0,8,7,0,0,0,3,2,0,0,0,0,0,0,0,0
196,196,Data Science,Junior,1,1,0,0,0,0,0,0,0,0,0,0,0,0,0,3,9,0,4,5,0,0,5
197,197,Data Science,Lead,9,9,0,0,0,0,0,0,0,0,0,0,0,0,0,9,10,0,10,9,0,0,8
198,198,IT,Junior,1,1,0,0,9,0,0,0,0,0,0,1,0,0,0,0,0,8,0,0,0,0,0
199,199,HR,Lead,7,7,0,10,0,0,0,8,0,0,8,0,9,0,0,0,0,0,0,0,10,9,0
200,200,Software Development,Lead,6,6,8,10,0,0,0,0,8,8,0,0,0,8,9,0,0,0,0,0,0,0,0
201,201,Software Development,Lead,7,7,9,8,0,0,0,0,10,8,0,0,0,9,9,0,0,0,0,0,0,0,0
202,202,IT,Senior,4,3,0,0,8,8,6,0,0,0,0,9,0,0,0,0,0,9,0,0,0,0,0
203,203,Software Development,Senior,4,4,8,9,0,0,0,0,8,9,0,0,0,7,8,0,0,0,0,0,0,0,0
204,204,HR,Senior,4,4,0,9,0,0,0,9,0,0,6,0,9,0,0,0,0,0,0,0,7,6,0
205,205,IT,Lead,9,8,0,0,8,10,10,0,0,0,0,10,0,0,0,0,0,10,0,0,0,0,0
206,206,HR,Senior,3,3,0,9,0,0,0,9,0,0,6,0,7,0,0,0,0,0,0,0,8,7,0
207,207,IT,Senior,3,3,0,0,7,8,9,0,0,0,0,6,0,0,0,0,0,7,0,0,0,0,0
208,208,IT,Junior,1,1,0,0,9,5,3,0,0,0,0,1,0,0,0,0,0,1,0,0,0,0,0
209,209,Data Science,Senior,4,3,0,0,0,0,0,0,0,0,0,0,0,0,0,6,6,0,8,8,0,0,8
210,210,HR,Senior,4,4,0,7,0,0,0,7,0,0,7,0,6,0,0,0,0,0,0,0,8,7,0
211,211,Software Development,Lead,6,6,10,9,0,0,0,0,8,10,0,0,0,9,9,0,0,0,0,0,0,0,0
212,212,Software Development,Lead,9,6,9,8,0,0,0,0,9,8,0,0,0,9,8,0,0,0,0,0,0,0,0
213,213,HR,Lead,6,6,0,9,0,0,0,10,0,0,9,0,10,0,0,0,0,0,0,0,9,8,0
214,214,Software Development,Lead,7,6,9,8,0,0,0,0,8,8,0,0,0,10,10,0,0,0,0,0,0,0,0
215,215,Software Development,Lead,9,8,9,10,0,0,0,0,8,10,0,0,0,9,9,0,0,0,0,0,0,0,0
216,216,HR,Lead,9,8,0,8,0,0,0,9,0,0,10,0,8,0,0,0,0,0,0,0,9,9,0
217,217,IT,Senior,4,4,0,0,9,8,7,0,0,0,0,8,0,0,0,0,0,8,0,0,0,0,0
218,218,HR,Lead,7,6,0,9,0,0,0,9,0,0,9,0,8,0,0,0,0,0,0,0,8,9,0
219,219,IT,Lead,7,7,0,0,10,10,9,0,0,0,0,9,0,0,0,0,0,8,0,0,0,0,0
220,220,Software Development,Junior,1,1,2,6,0,0,0,0,6,4,0,0,0,8,6,0,0,0,0,0,0,0,0
221,221,Software Development,Senior,4,3,9,6,0,0,0,0,6,7,0,0,0,6,7,0,0,0,0,0,0,0,0
222,222,Software Development,Senior,3,3,9,8,0,0,0,0,7,6,0,0,0,8,6,0,0,0,0,0,0,0,0
223,223,Data Science,Senior,3,3,0,0,0,0,0,0,0,0,0,0,0,0,0,8,7,0,7,8,0,0,8
224,224,IT,Lead,8,8,0,0,10,8,10,0,0,0,0,10,0,0,0,0,0,10,0,0,0,0,0
225,225,Data Science,Lead,9,7,0,0,0,0,0,0,0,0,0,0,0,0,0,10,9,0,8,10,0,0,10
226,226,Data Science,Lead,7,7,0,0,0,0,0,0,0,0,0,0,0,0,0,10,10,0,8,10,0,0,8
227,227,HR,Junior,1,1,0,2,0,0,0,3,0,0,9,0,2,0,0,0,0,0,0,0,3,4,0
228,228,Data Science,Lead,9,6,0,0,0,0,0,0,0,0,0,0,0,0,0,10,8,0,10,9,0,0,8
229,229,HR,Junior,1,1,0,1,0,0,0,6,0,0,4,0,6,0,0,0,0,0,0,0,8,5,0
230,230,HR,Senior,4,3,0,6,0,0,0,6,0,0,7,0,6,0,0,0,0,0,0,0,9,9,0
231,231,Data Science,Lead,9,7,0,0,0,0,0,0,0,0,0,0,0,0,0,8,8,0,10,9,0,0,9
232,232,IT,Junior,1,1,0,0,3,8,9,0,0,0,0,0,0,0,0,0,0,8,0,0,0,0,0
233,233,IT,Junior,1,1,0,0,8,8,5,0,0,0,0,6,0,0,0,0,0,4,0,0,0,0,0
234,234,IT,Lead,9,7,0,0,9,9,10,0,0,0,0,8,0,0,0,0,0,9,0,0,0,0,0
235,235,IT,Senior,4,3,0,0,8,9,6,0,0,0,0,8,0,0,0,0,0,9,0,0,0,0,0
236,236,IT,Senior,3,3,0,0,6,9,9,0,0,0,0,8,0,0,0,0,0,8,0,0,0,0,0
237,237,Data Science,Senior,4,4,0,0,0,0,0,0,0,0,0,0,0,0,0,9,6,0,9,9,0,0,9
238,238,Data Science,Junior,1,1,0,0,0,0,0,0,0,0,0,0,0,0,0,2,9,0,8,7,0,0,1
239,239,Software Development,Junior,1,1,8,3,0,0,0,0,6,7,0,0,0,5,4,0,0,0,0,0,0,0,0
240,240,IT,Junior,1,1,0,0,9,5,1,0,0,0,0,1,0,0,0,0,0,1,0,0,0,0,0
241,241,Data Science,Junior,1,1,0,0,0,0,0,0,0,0,0,0,0,0,0,1,8,0,6,6,0,0,1
242,242,Software Development,Senior,3,3,6,7,0,0,0,0,8,8,0,0,0,8,8,0,0,0,0,0,0,0,0
243,243,IT,Lead,6,6,0,0,8,9,9,0,0,0,0,9,0,0,0,0,0,8,0,0,0,0,0
244,244,HR,Junior,1,1,0,7,0,0,0,6,0,0,0,0,5,0,0,0,0,0,0,0,2,6,0
245,245,Software Development,Junior,1,1,0,2,0,0,0,0,1,2,0,0,0,5,6,0,0,0,0,0,0,0,0
246,246,Data Science,Senior,4,4,0,0,0,0,0,0,0,0,0,0,0,0,0,6,7,0,8,6,0,0,9
247,247,HR,Lead,9,6,0,9,0,0,0,9,0,0,9,0,10,0,0,0,0,0,0,0,10,10,0
248,248,HR,Lead,6,6,0,10,0,0,0,10,0,0,8,0,9,0,0,0,0,0,0,0,9,9,0
249,249,HR,Senior,3,3,0,8,0,0,0,7,0,0,9,0,9,0,0,0,0,0,0,0,6,9,0
250,250,Software Development,Senior,4,3,6,6,0,0,0,0,7,6,0,0,0,7,9,0,0,0,0,0,0,0,0
251,251,Data Science,Lead,9,6,0,0,0,0,0,0,0,0,0,0,0,0,0,10,10,0,8,10,0,0,9
252,252,HR,Junior,1,1,0,8,0,0,0,6,0,0,6,0,0,0,0,0,0,0,0,0,1,4,0
253,253,IT,Lead,8,8,0,0,10,10,8,0,0,0,0,10,0,0,0,0,0,9,0,0,0,0,0
254,254,HR,Senior,4,3,0,9,0,0,0,7,0,0,9,0,8,0,0,0,0,0,0,0,8,7,0
255,255,HR,Junior,1,1,0,4,0,0,0,8,0,0,3,0,4,0,0,0,0,0,0,0,5,8,0
256,256,Software Development,Junior,1,1,3,4,0,0,0,0,0,7,0,0,0,9,6,0,0,0,0,0,0,0,0
257,257,Software Development,Senior,4,4,6,7,0,0,0,0,6,9,0,0,0,6,9,0,0,0,0,0,0,0,0
258,258,Data Science,Senior,4,3,0,0,0,0,0,0,0,0,0,0,0,0,0,6,7,0,7,8,0,0,7
259,259,IT,Senior,3,3,0,0,6,6,7,0,0,0,0,6,0,0,0,0,0,7,0,0,0,0,0
260,260,Software Development,Lead,6,6,10,8,0,0,0,0,9,9,0,0,0,10,10,0,0,0,0,0,0,0,0
261,261,HR,Lead,6,6,0,8,0,0,0,10,0,0,10,0,9,0,0,0,0,0,0,0,8,8,0
262,262,Data Science,Junior,1,1,0,0,0,0,0,0,0,0,0,0,0,0,0,0,3,0,7,8,0,0,2
263,263,HR,Senior,4,3,0,6,0,0,0,7,0,0,6,0,8,0,0,0,0,0,0,0,9,7,0
264,264,HR,Junior,1,1,0,5,0,0,0,6,0,0,1,0,2,0,0,0,0,0,0,0,2,8,0
265,265,Software Development,Junior,1,1,2,0,0,0,0,0,0,8,0,0,0,2,9,0,0,0,0,0,0,0,0
266,266,Data Science,Junior,1,1,0,0,0,0,0,0,0,0,0,0,0,0,0,6,1,0,1,1,0,0,7
267,267,IT,Junior,1,1,0,0,5,8,4,0,0,0,0,5,0,0,0,0,0,9,0,0,0,0,0
268,268,IT,Senior,4,4,0,0,8,6,8,0,0,0,0,9,0,0,0,0,0,8,0,0,0,0,0
269,269,Software Development,Junior,1,1,1,7,0,0,0,0,8,9,0,0,0,9,3,0,0,0,0,0,0,0,0
270,270,Software Development,Senior,3,3,8,9,0,0,0,0,6,6,0,0,0,9,8,0,0,0,0,0,0,0,0
271,271,Data Science,Senior,3,3,0,0,0,0,0,0,0,0,0,0,0,0,0,6,6,0,8,6,0,0,9
272,272,IT,Lead,8,7,0,0,8,8,10,0,0,0,0,10,0,0,0,0,0,8,0,0,0,0,0
273,273,IT,Senior,4,3,0,0,8,6,8,0,0,0,0,9,0,0,0,0,0,7,0,0,0,0,0
274,274,IT,Lead,8,7,0,0,9,8,9,0,0,0,0,8,0,0,0,0,0,8,0,0,0,0,0
275,275,HR,Senior,3,3,0,9,0,0,0,6,0,0,6,0,9,0,0,0,0,0,0,0,8,8,0
276,276,IT,Senior,4,3,0,0,6,7,6,0,0,0,0,9,0,0,0,0,0,7,0,0,0,0,0
277,277,HR,Senior,4,3,0,9,0,0,0,6,0,0,8,0,7,0,0,0,0,0,0,0,6,6,0
278,278,Data Science,Lead,9,9,0,0,0,0,0,0,0,0,0,0,0,0,0,9,8,0,8,10,0,0,8
279,279,HR,Lead,8,7,0,10,0,0,0,10,0,0,9,0,10,0,0,0,0,0,0,0,10,8,0
280,280,Data Science,Junior,1,1,0,0,0,0,0,0,0,0,0,0,0,0,0,4,6,0,9,8,0,0,2
281,281,IT,Lead,9,8,0,0,9,9,8,0,0,0,0,10,0,0,0,0,0,8,0,0,0,0,0
282,282,IT,Lead,9,6,0,0,10,8,10,0,0,0,0,9,0,0,0,0,0,9,0,0,0,0,0
283,283,Data Science,Lead,8,7,0,0,0,0,0,0,0,0,0,0,0,0,0,10,9,0,10,10,0,0,9
284,284,Software Development,Lead,9,7,10,9,0,0,0,0,9,10,0,0,0,8,10,0,0,0,0,0,0,0,0
285,285,Data Science,Junior,1,1,0,0,0,0,0,0,0,0,0,0,0,0,0,3,8,0,7,6,0,0,8
286,286,Software Development,Lead,8,8,9,10,0,0,0,0,8,9,0,0,0,10,10,0,0,0,0,0,0,0,0
287,287,HR,Senior,3,3,0,8,0,0,0,6,0,0,7,0,6,0,0,0,0,0,0,0,8,9,0
288,288,HR,Senior,4,4,0,9,0,0,0,9,0,0,9,0,7,0,0,0,0,0,0,0,8,9,0
289,289,HR,Lead,7,7,0,8,0,0,0,8,0,0,10,0,10,0,0,0,0,0,0,0,9,8,0
290,290,IT,Lead,9,8,0,0,9,10,9,0,0,0,0,9,0,0,0,0,0,8,0,0,0,0,0
291,291,HR,Senior,4,4,0,6,0,0,0,7,0,0,7,0,6,0,0,0,0,0,0,0,8,7,0
292,292,Software Development,Senior,4,3,7,8,0,0,0,0,9,7,0,0,0,6,8,0,0,0,0,0,0,0,0
293,293,HR,Junior,1,1,0,9,0,0,0,2,0,0,2,0,5,0,0,0,0,0,0,0,1,2,0
294,294,Data Science,Senior,4,4,0,0,0,0,0,0,0,0,0,0,0,0,0,9,8,0,6,7,0,0,7
295,295,Data Science,Senior,3,3,0,0,0,0,0,0,0,0,0,0,0,0,0,8,9,0,8,9,0,0,9
296,296,IT,Lead,6,6,0,0,8,9,10,0,0,0,0,10,0,0,0,0,0,8,0,0,0,0,0
297,297,Data Science,Senior,4,3,0,0,0,0,0,0,0,0,0,0,0,0,0,9,9,0,6,7,0,0,8
298,298,Software Development,Junior,1,1,7,6,0,0,0,0,2,2,0,0,0,3,5,0,0,0,0,0,0,0,0
299,299,HR,Senior,3,3,0,8,0,0,0,8,0,0,8,0,9,0,0,0,0,0,0,0,6,7,0
300,300,IT,Lead,7,7,0,0,9,10,10,0,0,0,0,8,0,0,0,0,0,10,0,0,0,0,0
301,301,HR,Lead,6,6,0,8,0,0,0,9,0,0,8,0,10,0,0,0,0,0,0,0,8,8,0
302,302,HR,Senior,3,3,0,6,0,0,0,6,0,0,8,0,8,0,0,0,0,0,0,0,8,9,0
303,303,Software Development,Lead,8,8,10,8,0,0,0,0,10,9,0,0,0,10,9,0,0,0,0,0,0,0,0
304,304,Data Science,Junior,1,1,0,0,0,0,0,0,0,0,0,0,0,0,0,3,6,0,0,1,0,0,7
305,305,Data Science,Junior,1,1,0,0,0,0,0,0,0,0,0,0,0,0,0,1,5,0,1,1,0,0,5
306,306,HR,Senior,4,4,0,8,0,0,0,8,0,0,8,0,8,0,0,0,0,0,0,0,9,7,0
307,307,IT,Senior,3,3,0,0,9,6,7,0,0,0,0,6,0,0,0,0,0,9,0,0,0,0,0
308,308,Data Science,Senior,4,4,0,0,0,0,0,0,0,0,0,0,0,0,0,9,7,0,6,9,0,0,9
309,309,IT,Lead,6,6,0,0,9,8,8,0,0,0,0,8,0,0,0,0,0,9,0,0,0,0,0
310,310,Data Science,Junior,1,1,0,0,0,0,0,0,0,0,0,0,0,0,0,1,5,0,8,6,0,0,1
311,311,IT,Junior,1,1,0,0,5,6,5,0,0,0,0,8,0,0,0,0,0,7,0,0,0,0,0
312,312,Software Development,Lead,8,7,9,8,0,0,0,0,9,8,0,0,0,8,8,0,0,0,0,0,0,0,0
313,313,IT,Junior,1,1,0,0,2,3,4,0,0,0,0,4,0,0,0,0,0,5,0,0,0,0,0
314,314,Software Development,Senior,3,3,9,6,0,0,0,0,7,9,0,0,0,6,7,0,0,0,0,0,0,0,0
315,315,Software Development,Senior,3,3,8,7,0,0,0,0,9,6,0,0,0,8,7,0,0,0,0,0,0,0,0
316,316,IT,Senior,3,3,0,0,7,9,8,0,0,0,0,6,0,0,0,0,0,7,0,0,0,0,0
317,317,Software Development,Junior,1,1,4,4,0,0,0,0,6,0,0,0,0,5,8,0,0,0,0,0,0,0,0
318,318,HR,Senior,4,4,0,9,0,0,0,8,0,0,9,0,6,0,0,0,0,0,0,0,9,6,0
319,319,Software Development,Lead,9,6,8,10,0,0,0,0,8,9,0,0,0,8,9,0,0,0,0,0,0,0,0
320,320,Data Science,Lead,6,6,0,0,0,0,0,0,0,0,0,0,0,0,0,9,9,0,9,10,0,0,9
321,321,IT,Junior,1,1,0,0,0,5,1,0,0,0,0,0,0,0,0,0,0,6,0,0,0,0,0
322,322,HR,Lead,6,6,0,10,0,0,0,8,0,0,10,0,8,0,0,0,0,0,0,0,8,9,0
323,323,IT,Lead,6,6,0,0,8,10,8,0,0,0,0,10,0,0,0,0,0,9,0,0,0,0,0
324,324,Data Science,Junior,1,1,0,0,0,0,0,0,0,0,0,0,0,0,0,5,1,0,6,6,0,0,3
325,325,Data Science,Senior,3,3,0,0,0,0,0,0,0,0,0,0,0,0,0,9,9,0,7,6,0,0,7
326,326,Data Science,Senior,4,3,0,0,0,0,0,0,0,0,0,0,0,0,0,7,6,0,9,6,0,0,7
327,327,Software Development,Senior,3,3,7,6,0,0,0,0,8,8,0,0,0,6,6,0,0,0,0,0,0,0,0
328,328,Software Development,Junior,1,1,9,1,0,0,0,0,5,6,0,0,0,1,2,0,0,0,0,0,0,0,0
329,329,IT,Lead,9,7,0,0,10,10,9,0,0,0,0,10,0,0,0,0,0,9,0,0,0,0,0
330,330,IT,Senior,3,3,0,0,6,9,7,0,0,0,0,7,0,0,0,0,0,7,0,0,0,0,0
331,331,HR,Senior,4,4,0,6,0,0,0,9,0,0,7,0,7,0,0,0,0,0,0,0,6,8,0
332,332,HR,Junior,1,1,0,7,0,0,0,8,0,0,4,0,9,0,0,0,0,0,0,0,9,2,0
333,333,IT,Senior,3,3,0,0,9,8,9,0,0,0,0,7,0,0,0,0,0,9,0,0,0,0,0
334,334,Software Development,Junior,1,1,0,0,0,0,0,0,0,7,0,0,0,5,5,0,0,0,0,0,0,0,0
335,335,Data Science,Lead,8,8,0,0,0,0,0,0,0,0,0,0,0,0,0,9,10,0,10,8,0,0,10
336,336,IT,Junior,1,1,0,0,2,6,5,0,0,0,0,2,0,0,0,0,0,3,0,0,0,0,0
337,337,HR,Junior,1,1,0,6,0,0,0,1,0,0,8,0,0,0,0,0,0,0,0,0,9,1,0
338,338,Software Development,Junior,1,1,8,7,0,0,0,0,5,0,0,0,0,9,6,0,0,0,0,0,0,0,0
339,339,IT,Junior,1,1,0,0,2,5,7,0,0,0,0,2,0,0,0,0,0,6,0,0,0,0,0
340,340,IT,Lead,7,6,0,0,8,9,9,0,0,0,0,10,0,0,0,0,0,8,0,0,0,0,0
341,341,Software Development,Lead,8,6,10,8,0,0,0,0,8,9,0,0,0,8,8,0,0,0,0,0,0,0,0
342,342,IT,Senior,3,3,0,0,9,8,6,0,0,0,0,6,0,0,0,0,0,9,0,0,0,0,0
343,343,Software Development,Lead,6,6,8,9,0,0,0,0,9,8,0,0,0,10,9,0,0,0,0,0,0,0,0
344,344,Data Science,Lead,9,9,0,0,0,0,0,0,0,0,0,0,0,0,0,8,10,0,10,10,0,0,8
345,345,Software Development,Senior,3,3,9,8,0,0,0,0,6,9,0,0,0,8,8,0,0,0,0,0,0,0,0
346,346,Software Development,Lead,6,6,9,10,0,0,0,0,8,9,0,0,0,9,9,0,0,0,0,0,0,0,0
347,347,Software Development,Junior,1,1,0,4,0,0,0,0,9,1,0,0,0,2,1,0,0,0,0,0,0,0,0
348,348,IT,Junior,1,1,0,0,0,5,8,0,0,0,0,5,0,0,0,0,0,3,0,0,0,0,0
349,349,IT,Senior,4,4,0,0,8,8,7,0,0,0,0,6,0,0,0,0,0,7,0,0,0,0,0
350,350,Software Development,Senior,4,4,8,7,0,0,0,0,6,6,0,0,0,7,8,0,0,0,0,0,0,0,0
351,351,IT,Senior,4,3,0,0,7,8,9,0,0,0,0,8,0,0,0,0,0,8,0,0,0,0,0
352,352,HR,Junior,1,1,0,1,0,0,0,6,0,0,0,0,8,0,0,0,0,0,0,0,3,4,0
353,353,HR,Lead,8,8,0,9,0,0,0,10,0,0,9,0,9,0,0,0,0,0,0,0,8,10,0
354,354,IT,Junior,1,1,0,0,1,9,2,0,0,0,0,2,0,0,0,0,0,6,0,0,0,0,0
355,355,IT,Senior,3,3,0,0,8,6,6,0,0,0,0,6,0,0,0,0,0,8,0,0,0,0,0
356,356,Software Development,Lead,8,8,10,8,0,0,0,0,9,10,0,0,0,9,10,0,0,0,0,0,0,0,0
357,357,Data Science,Lead,7,6,0,0,0,0,0,0,0,0,0,0,0,0,0,9,10,0,8,9,0,0,9
358,358,IT,Junior,1,1,0,0,4,6,1,0,0,0,0,9,0,0,0,0,0,3,0,0,0,0,0
359,359,HR,Senior,3,3,0,8,0,0,0,6,0,0,7,0,6,0,0,0,0,0,0,0,9,7,0
360,360,Software Development,Junior,1,1,0,1,0,0,0,0,7,2,0,0,0,9,8,0,0,0,0,0,0,0,0
361,361,IT,Lead,6,6,0,0,10,9,10,0,0,0,0,9,0,0,0,0,0,9,0,0,0,0,0
362,362,HR,Junior,1,1,0,9,0,0,0,5,0,0,8,0,9,0,0,0,0,0,0,0,6,0,0
363,363,HR,Junior,1,1,0,7,0,0,0,4,0,0,8,0,5,0,0,0,0,0,0,0,4,8,0
364,364,Data Science,Senior,4,4,0,0,0,0,0,0,0,0,0,0,0,0,0,6,6,0,7,9,0,0,9
365,365,Software Development,Senior,4,3,9,7,0,0,0,0,9,7,0,0,0,6,6,0,0,0,0,0,0,0,0
366,366,Software Development,Lead,7,7,9,9,0,0,0,0,8,8,0,0,0,8,8,0,0,0,0,0,0,0,0
367,367,Data Science,Junior,1,1,0,0,0,0,0,0,0,0,0,0,0,0,0,4,4,0,7,1,0,0,9
368,368,Data Science,Junior,1,1,0,0,0,0,0,0,0,0,0,0,0,0,0,9,0,0,6,1,0,0,7
369,369,Software Development,Junior,1,1,0,8,0,0,0,0,4,3,0,0,0,9,1,0,0,0,0,0,0,0,0
370,370,Software Development,Lead,7,7,10,10,0,0,0,0,10,8,0,0,0,8,9,0,0,0,0,0,0,0,0
371,371,IT,Lead,7,6,0,0,10,8,10,0,0,0,0,8,0,0,0,0,0,10,0,0,0,0,0
372,372,IT,Senior,3,3,0,0,7,9,8,0,0,0,0,6,0,0,0,0,0,8,0,0,0,0,0
373,373,Data Science,Senior,4,4,0,0,0,0,0,0,0,0,0,0,0,0,0,7,7,0,7,7,0,0,6
374,374,IT,Senior,3,3,0,0,6,9,7,0,0,0,0,6,0,0,0,0,0,9,0,0,0,0,0
375,375,HR,Junior,1,1,0,0,0,0,0,0,0,0,2,0,9,0,0,0,0,0,0,0,1,2,0
376,376,IT,Junior,1,1,0,0,0,0,7,0,0,0,0,0,0,0,0,0,0,2,0,0,0,0,0
377,377,IT,Senior,3,3,0,0,9,8,8,0,0,0,0,7,0,0,0,0,0,9,0,0,0,0,0
378,378,HR,Junior,1,1,0,7,0,0,0,5,0,0,3,0,6,0,0,0,0,0,0,0,4,3,0
379,379,Data Science,Senior,4,3,0,0,0,0,0,0,0,0,0,0,0,0,0,6,6,0,7,6,0,0,7
380,380,HR,Lead,7,7,0,10,0,0,0,8,0,0,9,0,10,0,0,0,0,0,0,0,9,9,0
381,381,IT,Senior,4,3,0,0,7,7,7,0,0,0,0,8,0,0,0,0,0,7,0,0,0,0,0
382,382,Data Science,Lead,6,6,0,0,0,0,0,0,0,0,0,0,0,0,0,9,8,0,10,8,0,0,8
383,383,IT,Junior,1,1,0,0,9,3,3,0,0,0,0,2,0,0,0,0,0,3,0,0,0,0,0
384,384,HR,Senior,4,3,0,9,0,0,0,9,0,0,7,0,7,0,0,0,0,0,0,0,7,6,0
385,385,HR,Junior,1,1,0,4,0,0,0,7,0,0,9,0,1,0,0,0,0,0,0,0,0,9,0
386,386,IT,Lead,7,7,0,0,10,9,8,0,0,0,0,9,0,0,0,0,0,10,0,0,0,0,0
387,387,Software Development,Lead,7,6,10,9,0,0,0,0,9,8,0,0,0,10,9,0,0,0,0,0,0,0,0
388,388,Software Development,Lead,9,8,9,8,0,0,0,0,9,9,0,0,0,10,10,0,0,0,0,0,0,0,0
389,389,HR,Junior,1,1,0,5,0,0,0,5,0,0,5,0,1,0,0,0,0,0,0,0,3,3,0
390,390,HR,Junior,1,1,0,5,0,0,0,7,0,0,4,0,6,0,0,0,0,0,0,0,2,2,0
391,391,Software Development,Junior,1,1,4,2,0,0,0,0,4,4,0,0,0,3,6,0,0,0,0,0,0,0,0
392,392,Software Development,Junior,1,1,4,8,0,0,0,0,6,4,0,0,0,9,4,0,0,0,0,0,0,0,0
393,393,IT,Lead,9,8,0,0,9,10,9,0,0,0,0,8,0,0,0,0,0,8,0,0,0,0,0
394,394,IT,Lead,8,6,0,0,9,8,10,0,0,0,0,8,0,0,0,0,0,9,0,0,0,0,0
395,395,Software Development,Senior,3,3,7,8,0,0,0,0,8,6,0,0,0,9,8,0,0,0,0,0,0,0,0
396,396,IT,Senior,3,3,0,0,9,7,9,0,0,0,0,7,0,0,0,0,0,7,0,0,0,0,0
397,397,IT,Junior,1,1,0,0,9,6,8,0,0,0,0,1,0,0,0,0,0,9,0,0,0,0,0
398,398,Data Science,Lead,7,6,0,0,0,0,0,0,0,0,0,0,0,0,0,9,10,0,8,10,0,0,10
399,399,IT,Lead,9,6,0,0,9,10,8,0,0,0,0,9,0,0,0,0,0,9,0,0,0,0,0
400,400,HR,Lead,9,6,0,9,0,0,0,9,0,0,9,0,8,0,0,0,0,0,0,0,8,10,0
401,401,IT,Senior,3,3,0,0,7,9,7,0,0,0,0,6,0,0,0,0,0,7,0,0,0,0,0
402,402,IT,Senior,4,4,0,0,6,6,8,0,0,0,0,8,0,0,0,0,0,8,0,0,0,0,0
403,403,Software Development,Lead,7,6,8,9,0,0,0,0,9,9,0,0,0,8,10,0,0,0,0,0,0,0,0
404,404,HR,Lead,9,6,0,9,0,0,0,8,0,0,8,0,9,0,0,0,0,0,0,0,9,9,0
405,405,IT,Lead,8,6,0,0,10,9,9,0,0,0,0,8,0,0,0,0,0,9,0,0,0,0,0
406,406,IT,Senior,4,4,0,0,6,9,8,0,0,0,0,8,0,0,0,0,0,6,0,0,0,0,0
407,407,Data Science,Lead,8,7,0,0,0,0,0,0,0,0,0,0,0,0,0,9,8,0,9,9,0,0,9
408,408,IT,Lead,9,9,0,0,9,9,9,0,0,0,0,10,0,0,0,0,0,9,0,0,0,0,0
409,409,IT,Junior,1,1,0,0,7,0,1,0,0,0,0,2,0,0,0,0,0,5,0,0,0,0,0
410,410,Data Science,Junior,1,1,0,0,0,0,0,0,0,0,0,0,0,0,0,7,7,0,2,4,0,0,9
411,411,Software Development,Senior,3,3,7,8,0,0,0,0,6,7,0,0,0,9,6,0,0,0,0,0,0,0,0
412,412,IT,Lead,8,6,0,0,10,10,8,0,0,0,0,9,0,0,0,0,0,9,0,0,0,0,0
413,413,Data Science,Lead,6,6,0,0,0,0,0,0,0,0,0,0,0,0,0,8,9,0,9,9,0,0,9
414,414,HR,Junior,1,1,0,3,0,0,0,6,0,0,9,0,1,0,0,0,0,0,0,0,8,8,0
415,415,Software Development,Senior,4,4,9,8,0,0,0,0,6,8,0,0,0,7,8,0,0,0,0,0,0,0,0
416,416,HR,Junior,1,1,0,0,0,0,0,4,0,0,7,0,1,0,0,0,0,0,0,0,0,1,0
417,417,HR,Junior,1,1,0,1,0,0,0,3,0,0,4,0,2,0,0,0,0,0,0,0,1,2,0
418,418,Data Science,Junior,1,1,0,0,0,0,0,0,0,0,0,0,0,0,0,7,7,0,5,4,0,0,1
419,419,IT,Junior,1,1,0,0,1,9,3,0,0,0,0,6,0,0,0,0,0,0,0,0,0,0,0
420,420,Data Science,Lead,9,7,0,0,0,0,0,0,0,0,0,0,0,0,0,10,8,0,9,8,0,0,8
421,421,Data Science,Lead,8,7,0,0,0,0,0,0,0,0,0,0,0,0,0,8,9,0,10,10,0,0,9
422,422,Data Science,Junior,1,1,0,0,0,0,0,0,0,0,0,0,0,0,0,5,0,0,9,7,0,0,6
423,423,Data Science,Senior,3,3,0,0,0,0,0,0,0,0,0,0,0,0,0,6,9,0,7,7,0,0,6
424,424,Software Development,Senior,4,3,7,6,0,0,0,0,7,6,0,0,0,9,7,0,0,0,0,0,0,0,0
425,425,IT,Senior,4,3,0,0,8,6,7,0,0,0,0,8,0,0,0,0,0,9,0,0,0,0,0
426,426,HR,Senior,3,3,0,8,0,0,0,8,0,0,7,0,9,0,0,0,0,0,0,0,7,7,0
427,427,HR,Junior,1,1,0,6,0,0,0,5,0,0,1,0,1,0,0,0,0,0,0,0,4,4,0
428,428,IT,Lead,9,7,0,0,10,9,9,0,0,0,0,10,0,0,0,0,0,8,0,0,0,0,0
429,429,HR,Senior,4,3,0,6,0,0,0,8,0,0,6,0,7,0,0,0,0,0,0,0,6,9,0
430,430,IT,Junior,1,1,0,0,7,8,1,0,0,0,0,4,0,0,0,0,0,9,0,0,0,0,0
431,431,HR,Senior,4,3,0,8,0,0,0,9,0,0,8,0,9,0,0,0,0,0,0,0,9,8,0
432,432,Data Science,Senior,4,3,0,0,0,0,0,0,0,0,0,0,0,0,0,6,7,0,9,6,0,0,9
433,433,HR,Junior,1,1,0,0,0,0,0,4,0,0,3,0,6,0,0,0,0,0,0,0,9,4,0
434,434,IT,Lead,8,8,0,0,9,10,10,0,0,0,0,8,0,0,0,0,0,10,0,0,0,0,0
435,435,IT,Lead,9,6,0,0,8,10,8,0,0,0,0,10,0,0,0,0,0,9,0,0,0,0,0
436,436,IT,Junior,1,1,0,0,4,9,0,0,0,0,0,4,0,0,0,0,0,8,0,0,0,0,0
437,437,IT,Lead,9,7,0,0,9,9,8,0,0,0,0,10,0,0,0,0,0,9,0,0,0,0,0
438,438,IT,Junior,1,1,0,0,9,1,9,0,0,0,0,6,0,0,0,0,0,9,0,0,0,0,0
439,439,Software Development,Junior,1,1,6,7,0,0,0,0,4,3,0,0,0,5,0,0,0,0,0,0,0,0,0
440,440,Software Development,Junior,1,1,9,8,0,0,0,0,4,7,0,0,0,8,2,0,0,0,0,0,0,0,0
441,441,HR,Lead,6,6,0,10,0,0,0,10,0,0,10,0,8,0,0,0,0,0,0,0,9,8,0
442,442,IT,Junior,1,1,0,0,3,5,9,0,0,0,0,2,0,0,0,0,0,5,0,0,0,0,0
443,443,HR,Senior,3,3,0,6,0,0,0,9,0,0,8,0,9,0,0,0,0,0,0,0,7,9,0
444,444,IT,Lead,7,6,0,0,8,9,10,0,0,0,0,8,0,0,0,0,0,8,0,0,0,0,0
445,445,IT,Lead,9,6,0,0,10,9,10,0,0,0,0,10,0,0,0,0,0,9,0,0,0,0,0
446,446,Software Development,Lead,9,6,8,8,0,0,0,0,8,9,0,0,0,10,9,0,0,0,0,0,0,0,0
447,447,Software Development,Lead,7,6,8,9,0,0,0,0,10,9,0,0,0,8,9,0,0,0,0,0,0,0,0
448,448,Data Science,Senior,3,3,0,0,0,0,0,0,0,0,0,0,0,0,0,8,9,0,7,7,0,0,6
449,449,Software Development,Lead,6,6,9,9,0,0,0,0,10,10,0,0,0,8,10,0,0,0,0,0,0,0,0
450,450,Data Science,Lead,6,6,0,0,0,0,0,0,0,0,0,0,0,0,0,9,8,0,9,9,0,0,10
451,451,Data Science,Junior,1,1,0,0,0,0,0,0,0,0,0,0,0,0,0,5,3,0,5,0,0,0,6
452,452,Data Science,Lead,9,8,0,0,0,0,0,0,0,0,0,0,0,0,0,10,9,0,8,8,0,0,10
453,453,Data Science,Senior,4,4,0,0,0,0,0,0,0,0,0,0,0,0,0,7,8,0,9,8,0,0,8
454,454,Data Science,Senior,4,3,0,0,0,0,0,0,0,0,0,0,0,0,0,9,8,0,8,8,0,0,9
455,455,HR,Senior,4,4,0,9,0,0,0,6,0,0,8,0,9,0,0,0,0,0,0,0,9,7,0
456,456,Software Development,Senior,3,3,8,9,0,0,0,0,6,8,0,0,0,6,8,0,0,0,0,0,0,0,0
457,457,Data Science,Lead,8,7,0,0,0,0,0,0,0,0,0,0,0,0,0,9,8,0,9,9,0,0,10
458,458,IT,Lead,7,7,0,0,10,8,10,0,0,0,0,9,0,0,0,0,0,8,0,0,0,0,0
459,459,Software Development,Senior,3,3,9,8,0,0,0,0,9,9,0,0,0,6,8,0,0,0,0,0,0,0,0
460,460,Software Development,Senior,4,4,8,8,0,0,0,0,6,7,0,0,0,8,9,0,0,0,0,0,0,0,0
461,461,Data Science,Lead,7,7,0,0,0,0,0,0,0,0,0,0,0,0,0,10,8,0,8,9,0,0,8
462,462,HR,Senior,3,3,0,7,0,0,0,8,0,0,6,0,7,0,0,0,0,0,0,0,6,6,0
463,463,Data Science,Junior,1,1,0,0,0,0,0,0,0,0,0,0,0,0,0,3,3,0,3,2,0,0,3
464,464,HR,Senior,4,3,0,9,0,0,0,6,0,0,9,0,9,0,0,0,0,0,0,0,8,6,0
465,465,IT,Senior,4,3,0,0,7,7,6,0,0,0,0,7,0,0,0,0,0,8,0,0,0,0,0
466,466,Software Development,Junior,1,1,9,9,0,0,0,0,6,8,0,0,0,9,4,0,0,0,0,0,0,0,0
467,467,IT,Junior,1,1,0,0,7,9,2,0,0,0,0,5,0,0,0,0,0,4,0,0,0,0,0
468,468,HR,Lead,6,6,0,9,0,0,0,10,0,0,8,0,9,0,0,0,0,0,0,0,8,8,0
469,469,HR,Lead,7,6,0,8,0,0,0,8,0,0,8,0,8,0,0,0,0,0,0,0,8,9,0
470,470,IT,Junior,1,1,0,0,3,3,5,0,0,0,0,7,0,0,0,0,0,2,0,0,0,0,0
471,471,HR,Junior,1,1,0,3,0,0,0,7,0,0,1,0,0,0,0,0,0,0,0,0,0,0,0
472,472,IT,Lead,9,7,0,0,8,9,9,0,0,0,0,10,0,0,0,0,0,8,0,0,0,0,0
473,473,Software Development,Senior,3,3,9,8,0,0,0,0,8,7,0,0,0,8,6,0,0,0,0,0,0,0,0
474,474,IT,Junior,1,1,0,0,5,7,3,0,0,0,0,6,0,0,0,0,0,3,0,0,0,0,0
475,475,Software Development,Lead,7,7,10,9,0,0,0,0,8,8,0,0,0,8,9,0,0,0,0,0,0,0,0
476,476,IT,Senior,3,3,0,0,6,6,8,0,0,0,0,6,0,0,0,0,0,9,0,0,0,0,0
477,477,HR,Junior,1,1,0,8,0,0,0,9,0,0,0,0,4,0,0,0,0,0,0,0,2,2,0
478,478,IT,Senior,4,4,0,0,7,8,8,0,0,0,0,6,0,0,0,0,0,6,0,0,0,0,0
479,479,HR,Lead,8,6,0,10,0,0,0,9,0,0,10,0,8,0,0,0,0,0,0,0,8,10,0
480,480,IT,Junior,1,1,0,0,6,5,4,0,0,0,0,2,0,0,0,0,0,0,0,0,0,0,0
481,481,IT,Senior,3,3,0,0,8,6,6,0,0,0,0,6,0,0,0,0,0,7,0,0,0,0,0
482,482,Data Science,Junior,1,1,0,0,0,0,0,0,0,0,0,0,0,0,0,6,5,0,2,9,0,0,7
483,483,HR,Senior,3,3,0,8,0,0,0,9,0,0,7,0,6,0,0,0,0,0,0,0,8,6,0
484,484,Data Science,Lead,7,6,0,0,0,0,0,0,0,0,0,0,0,0,0,9,10,0,9,8,0,0,10
485,485,HR,Lead,8,6,0,10,0,0,0,8,0,0,10,0,9,0,0,0,0,0,0,0,9,10,0
486,486,Data Science,Junior,1,1,0,0,0,0,0,0,0,0,0,0,0,0,0,3,7,0,0,3,0,0,6
487,487,Software Development,Senior,3,3,9,9,0,0,0,0,6,6,0,0,0,7,7,0,0,0,0,0,0,0,0
488,488,IT,Junior,1,1,0,0,7,7,3,0,0,0,0,8,0,0,0,0,0,2,0,0,0,0,0
489,489,HR,Junior,1,1,0,1,0,0,0,9,0,0,4,0,8,0,0,0,0,0,0,0,1,2,0
490,490,HR,Senior,3,3,0,8,0,0,0,9,0,0,6,0,8,0,0,0,0,0,0,0,7,8,0
491,491,IT,Senior,3,3,0,0,9,6,8,0,0,0,0,6,0,0,0,0,0,9,0,0,0,0,0
492,492,HR,Senior,3,3,0,6,0,0,0,9,0,0,6,0,9,0,0,0,0,0,0,0,8,9,0
493,493,HR,Lead,9,8,0,8,0,0,0,10,0,0,9,0,8,0,0,0,0,0,0,0,10,8,0
494,494,Data Science,Junior,1,1,0,0,0,0,0,0,0,0,0,0,0,0,0,9,6,0,0,5,0,0,0
495,495,HR,Junior,1,1,0,7,0,0,0,6,0,0,1,0,0,0,0,0,0,0,0,0,1,1,0
496,496,Software Development,Lead,9,7,9,9,0,0,0,0,9,9,0,0,0,10,10,0,0,0,0,0,0,0,0
497,497,Software Development,Senior,4,3,7,9,0,0,0,0,8,6,0,0,0,8,6,0,0,0,0,0,0,0,0
498,498,IT,Lead,9,8,0,0,9,10,9,0,0,0,0,10,0,0,0,0,0,8,0,0,0,0,0
499,499,HR,Lead,9,9,0,9,0,0,0,8,0,0,9,0,9,0,0,0,0,0,0,0,10,10,0
500,500,IT,Lead,9,7,0,0,10,10,8,0,0,0,0,10,0,0,0,0,0,9,0,0,0,0,0
501,501,Software Development,Junior,1,1,6,8,0,0,0,0,8,7,0,0,0,3,0,0,0,0,0,0,0,0,0
502,502,HR,Lead,9,8,0,10,0,0,0,9,0,0,9,0,9,0,0,0,0,0,0,0,8,9,0
503,503,HR,Junior,1,1,0,3,0,0,0,9,0,0,1,0,9,0,0,0,0,0,0,0,1,0,0
504,504,IT,Junior,1,1,0,0,6,6,2,0,0,0,0,8,0,0,0,0,0,6,0,0,0,0,0
505,505,Software Development,Junior,1,1,5,9,0,0,0,0,5,1,0,0,0,6,1,0,0,0,0,0,0,0,0
506,506,HR,Senior,3,3,0,7,0,0,0,7,0,0,8,0,9,0,0,0,0,0,0,0,7,8,0
507,507,IT,Junior,1,1,0,0,2,5,4,0,0,0,0,1,0,0,0,0,0,1,0,0,0,0,0
508,508,Software Development,Junior,1,1,2,2,0,0,0,0,5,5,0,0,0,2,9,0,0,0,0,0,0,0,0
509,509,IT,Senior,4,3,0,0,8,9,9,0,0,0,0,6,0,0,0,0,0,6,0,0,0,0,0
510,510,Data Science,Junior,1,1,0,0,0,0,0,0,0,0,0,0,0,0,0,3,9,0,7,6,0,0,1
511,511,HR,Lead,6,6,0,8,0,0,0,10,0,0,8,0,8,0,0,0,0,0,0,0,9,9,0
512,512,Data Science,Lead,6,6,0,0,0,0,0,0,0,0,0,0,0,0,0,10,8,0,10,9,0,0,8
513,513,Software Development,Junior,1,1,3,8,0,0,0,0,2,7,0,0,0,3,2,0,0,0,0,0,0,0,0
514,514,Data Science,Senior,4,3,0,0,0,0,0,0,0,0,0,0,0,0,0,7,8,0,9,8,0,0,9
515,515,Data Science,Lead,8,6,0,0,0,0,0,0,0,0,0,0,0,0,0,9,8,0,8,10,0,0,9
516,516,Software Development,Senior,3,3,6,8,0,0,0,0,9,6,0,0,0,7,9,0,0,0,0,0,0,0,0
517,517,IT,Senior,3,3,0,0,6,6,7,0,0,0,0,6,0,0,0,0,0,6,0,0,0,0,0
518,518,Data Science,Lead,8,7,0,0,0,0,0,0,0,0,0,0,0,0,0,9,9,0,10,10,0,0,10
519,519,IT,Senior,4,3,0,0,7,8,8,0,0,0,0,8,0,0,0,0,0,9,0,0,0,0,0
520,520,Data Science,Lead,7,7,0,0,0,0,0,0,0,0,0,0,0,0,0,10,8,0,8,8,0,0,10
521,521,IT,Senior,4,3,0,0,9,6,9,0,0,0,0,6,0,0,0,0,0,6,0,0,0,0,0
522,522,Software Development,Lead,7,7,10,10,0,0,0,0,9,8,0,0,0,8,8,0,0,0,0,0,0,0,0
523,523,Data Science,Junior,1,1,0,0,0,0,0,0,0,0,0,0,0,0,0,9,6,0,7,4,0,0,4
524,524,Software Development,Lead,7,7,10,10,0,0,0,0,9,9,0,0,0,9,10,0,0,0,0,0,0,0,0
525,525,Data Science,Lead,9,6,0,0,0,0,0,0,0,0,0,0,0,0,0,9,9,0,10,8,0,0,8
526,526,Software Development,Lead,9,8,10,10,0,0,0,0,9,9,0,0,0,8,8,0,0,0,0,0,0,0,0
527,527,Software Development,Lead,7,6,10,10,0,0,0,0,9,10,0,0,0,8,8,0,0,0,0,0,0,0,0
528,528,Data Science,Senior,4,4,0,0,0,0,0,0,0,0,0,0,0,0,0,7,9,0,7,7,0,0,7
529,529,Data Science,Junior,1,1,0,0,0,0,0,0,0,0,0,0,0,0,0,0,7,0,3,4,0,0,8
530,530,Data Science,Lead,7,6,0,0,0,0,0,0,0,0,0,0,0,0,0,9,10,0,8,8,0,0,9
531,531,HR,Senior,3,3,0,6,0,0,0,7,0,0,8,0,7,0,0,0,0,0,0,0,7,6,0
532,532,IT,Junior,1,1,0,0,6,2,9,0,0,0,0,9,0,0,0,0,0,1,0,0,0,0,0
533,533,HR,Junior,1,1,0,1,0,0,0,5,0,0,0,0,2,0,0,0,0,0,0,0,5,1,0
534,534,HR,Junior,1,1,0,3,0,0,0,6,0,0,8,0,4,0,0,0,0,0,0,0,4,6,0
535,535,Software Development,Junior,1,1,9,4,0,0,0,0,9,9,0,0,0,7,6,0,0,0,0,0,0,0,0
536,536,Data Science,Lead,9,8,0,0,0,0,0,0,0,0,0,0,0,0,0,10,9,0,9,8,0,0,8
537,537,IT,Lead,8,8,0,0,8,9,10,0,0,0,0,10,0,0,0,0,0,8,0,0,0,0,0
538,538,Software Development,Senior,3,3,8,9,0,0,0,0,7,6,0,0,0,7,8,0,0,0,0,0,0,0,0
539,539,HR,Senior,3,3,0,9,0,0,0,9,0,0,7,0,9,0,0,0,0,0,0,0,8,6,0
540,540,Data Science,Senior,3,3,0,0,0,0,0,0,0,0,0,0,0,0,0,7,7,0,8,8,0,0,6
541,541,Software Development,Junior,1,1,1,3,0,0,0,0,6,4,0,0,0,0,5,0,0,0,0,0,0,0,0
542,542,Data Science,Junior,1,1,0,0,0,0,0,0,0,0,0,0,0,0,0,2,2,0,1,6,0,0,0
543,543,Software Development,Lead,7,6,10,10,0,0,0,0,9,10,0,0,0,8,10,0,0,0,0,0,0,0,0
544,544,Data Science,Junior,1,1,0,0,0,0,0,0,0,0,0,0,0,0,0,9,4,0,1,8,0,0,1
545,545,HR,Junior,1,1,0,3,0,0,0,5,0,0,1,0,9,0,0,0,0,0,0,0,1,1,0
546,546,IT,Junior,1,1,0,0,0,5,0,0,0,0,0,4,0,0,0,0,0,5,0,0,0,0,0
547,547,HR,Senior,3,3,0,6,0,0,0,6,0,0,8,0,7,0,0,0,0,0,0,0,7,7,0
548,548,IT,Senior,4,3,0,0,9,6,7,0,0,0,0,7,0,0,0,0,0,8,0,0,0,0,0
549,549,Data Science,Lead,7,7,0,0,0,0,0,0,0,0,0,0,0,0,0,10,10,0,8,8,0,0,9
550,550,Software Development,Junior,1,1,6,4,0,0,0,0,3,2,0,0,0,4,7,0,0,0,0,0,0,0,0
551,551,HR,Junior,1,1,0,5,0,0,0,5,0,0,1,0,9,0,0,0,0,0,0,0,5,9,0
552,552,IT,Lead,6,6,0,0,8,9,10,0,0,0,0,8,0,0,0,0,0,8,0,0,0,0,0
553,553,HR,Junior,1,1,0,5,0,0,0,4,0,0,6,0,7,0,0,0,0,0,0,0,5,2,0
554,554,IT,Junior,1,1,0,0,9,4,3,0,0,0,0,7,0,0,0,0,0,7,0,0,0,0,0
555,555,HR,Senior,4,4,0,6,0,0,0,6,0,0,8,0,6,0,0,0,0,0,0,0,7,9,0
556,556,IT,Lead,6,6,0,0,8,10,9,0,0,0,0,9,0,0,0,0,0,9,0,0,0,0,0
557,557,IT,Lead,8,7,0,0,10,8,8,0,0,0,0,9,0,0,0,0,0,9,0,0,0,0,0
558,558,Data Science,Lead,9,8,0,0,0,0,0,0,0,0,0,0,0,0,0,9,9,0,8,10,0,0,8
559,559,IT,Lead,9,7,0,0,8,8,8,0,0,0,0,8,0,0,0,0,0,8,0,0,0,0,0
560,560,Data Science,Senior,3,3,0,0,0,0,0,0,0,0,0,0,0,0,0,9,6,0,8,7,0,0,8
561,561,IT,Senior,4,3,0,0,9,8,8,0,0,0,0,6,0,0,0,0,0,9,0,0,0,0,0
562,562,Software Development,Junior,1,1,6,9,0,0,0,0,4,6,0,0,0,7,9,0,0,0,0,0,0,0,0
563,563,Software Development,Junior,1,1,8,8,0,0,0,0,9,8,0,0,0,3,1,0,0,0,0,0,0,0,0
564,564,Software Development,Junior,1,1,9,3,0,0,0,0,6,0,0,0,0,4,9,0,0,0,0,0,0,0,0
565,565,IT,Junior,1,1,0,0,9,8,2,0,0,0,0,5,0,0,0,0,0,5,0,0,0,0,0
566,566,Data Science,Senior,4,4,0,0,0,0,0,0,0,0,0,0,0,0,0,7,7,0,6,7,0,0,7
567,567,Data Science,Lead,9,8,0,0,0,0,0,0,0,0,0,0,0,0,0,8,10,0,9,8,0,0,9
568,568,IT,Senior,3,3,0,0,6,6,8,0,0,0,0,6,0,0,0,0,0,6,0,0,0,0,0
569,569,Software Development,Junior,1,1,7,5,0,0,0,0,2,8,0,0,0,3,6,0,0,0,0,0,0,0,0
570,570,Software Development,Senior,3,3,6,6,0,0,0,0,6,9,0,0,0,9,7,0,0,0,0,0,0,0,0
571,571,Data Science,Lead,9,9,0,0,0,0,0,0,0,0,0,0,0,0,0,10,10,0,10,8,0,0,9
572,572,Software Development,Lead,7,6,9,10,0,0,0,0,10,10,0,0,0,9,8,0,0,0,0,0,0,0,0
573,573,HR,Senior,4,3,0,6,0,0,0,8,0,0,8,0,9,0,0,0,0,0,0,0,7,8,0
574,574,Data Science,Senior,4,3,0,0,0,0,0,0,0,0,0,0,0,0,0,8,7,0,6,7,0,0,7
575,575,Software Development,Senior,4,3,8,8,0,0,0,0,7,7,0,0,0,6,8,0,0,0,0,0,0,0,0
576,576,Data Science,Junior,1,1,0,0,0,0,0,0,0,0,0,0,0,0,0,6,0,0,6,9,0,0,2
577,577,HR,Senior,3,3,0,6,0,0,0,9,0,0,6,0,8,0,0,0,0,0,0,0,6,7,0
578,578,Data Science,Senior,4,3,0,0,0,0,0,0,0,0,0,0,0,0,0,9,9,0,8,7,0,0,9
579,579,Data Science,Senior,3,3,0,0,0,0,0,0,0,0,0,0,0,0,0,9,9,0,6,6,0,0,9
580,580,Data Science,Lead,9,6,0,0,0,0,0,0,0,0,0,0,0,0,0,9,8,0,10,10,0,0,9
581,581,Data Science,Lead,8,6,0,0,0,0,0,0,0,0,0,0,0,0,0,8,8,0,9,10,0,0,10
582,582,HR,Junior,1,1,0,3,0,0,0,3,0,0,5,0,4,0,0,0,0,0,0,0,7,4,0
583,583,IT,Junior,1,1,0,0,4,3,3,0,0,0,0,3,0,0,0,0,0,3,0,0,0,0,0
584,584,Data Science,Lead,7,7,0,0,0,0,0,0,0,0,0,0,0,0,0,9,9,0,9,9,0,0,8
585,585,Data Science,Lead,8,6,0,0,0,0,0,0,0,0,0,0,0,0,0,10,8,0,10,9,0,0,10
586,586,Software Development,Lead,9,7,8,10,0,0,0,0,10,8,0,0,0,8,10,0,0,0,0,0,0,0,0
587,587,Data Science,Senior,3,3,0,0,0,0,0,0,0,0,0,0,0,0,0,6,7,0,7,9,0,0,6
588,588,Software Development,Senior,3,3,6,8,0,0,0,0,7,7,0,0,0,9,8,0,0,0,0,0,0,0,0
589,589,IT,Lead,6,6,0,0,10,9,9,0,0,0,0,10,0,0,0,0,0,10,0,0,0,0,0
590,590,HR,Senior,3,3,0,8,0,0,0,8,0,0,9,0,6,0,0,0,0,0,0,0,7,8,0
591,591,HR,Senior,3,3,0,6,0,0,0,9,0,0,6,0,9,0,0,0,0,0,0,0,7,9,0
592,592,IT,Junior,1,1,0,0,0,6,2,0,0,0,0,6,0,0,0,0,0,4,0,0,0,0,0
593,593,HR,Lead,6,6,0,8,0,0,0,9,0,0,9,0,10,0,0,0,0,0,0,0,9,8,0
594,594,IT,Lead,7,6,0,0,9,9,8,0,0,0,0,8,0,0,0,0,0,8,0,0,0,0,0
595,595,IT,Senior,3,3,0,0,6,6,6,0,0,0,0,7,0,0,0,0,0,6,0,0,0,0,0
596,596,IT,Lead,7,7,0,0,9,9,10,0,0,0,0,8,0,0,0,0,0,9,0,0,0,0,0
597,597,HR,Junior,1,1,0,6,0,0,0,1,0,0,3,0,8,0,0,0,0,0,0,0,1,0,0
598,598,Software Development,Junior,1,1,5,9,0,0,0,0,1,2,0,0,0,2,9,0,0,0,0,0,0,0,0
599,599,IT,Junior,1,1,0,0,8,1,3,0,0,0,0,9,0,0,0,0,0,9,0,0,0,0,0
600,600,Data Science,Lead,9,6,0,0,0,0,0,0,0,0,0,0,0,0,0,10,9,0,9,8,0,0,8
601,601,HR,Lead,9,9,0,10,0,0,0,8,0,0,8,0,9,0,0,0,0,0,0,0,9,8,0
602,602,IT,Lead,7,6,0,0,10,8,8,0,0,0,0,9,0,0,0,0,0,9,0,0,0,0,0
603,603,IT,Lead,7,7,0,0,8,9,10,0,0,0,0,8,0,0,0,0,0,9,0,0,0,0,0
604,604,Data Science,Lead,8,6,0,0,0,0,0,0,0,0,0,0,0,0,0,9,9,0,9,9,0,0,8
605,605,Software Development,Junior,1,1,6,2,0,0,0,0,8,3,0,0,0,2,2,0,0,0,0,0,0,0,0
606,606,Software Development,Senior,3,3,6,7,0,0,0,0,6,8,0,0,0,8,7,0,0,0,0,0,0,0,0
607,607,Software Development,Junior,1,1,9,9,0,0,0,0,1,1,0,0,0,8,4,0,0,0,0,0,0,0,0
608,608,IT,Lead,8,7,0,0,8,10,8,0,0,0,0,10,0,0,0,0,0,9,0,0,0,0,0
609,609,IT,Junior,1,1,0,0,2,6,5,0,0,0,0,5,0,0,0,0,0,6,0,0,0,0,0
610,610,IT,Lead,9,6,0,0,8,10,8,0,0,0,0,9,0,0,0,0,0,9,0,0,0,0,0
611,611,HR,Lead,8,7,0,9,0,0,0,8,0,0,10,0,9,0,0,0,0,0,0,0,9,8,0
612,612,Data Science,Junior,1,1,0,0,0,0,0,0,0,0,0,0,0,0,0,9,1,0,6,4,0,0,1
613,613,IT,Lead,6,6,0,0,9,9,8,0,0,0,0,9,0,0,0,0,0,10,0,0,0,0,0
614,614,Data Science,Senior,3,3,0,0,0,0,0,0,0,0,0,0,0,0,0,8,6,0,7,9,0,0,8
615,615,Data Science,Lead,8,7,0,0,0,0,0,0,0,0,0,0,0,0,0,10,8,0,9,10,0,0,8
616,616,Software Development,Senior,3,3,6,8,0,0,0,0,6,9,0,0,0,9,8,0,0,0,0,0,0,0,0
617,617,HR,Senior,4,3,0,9,0,0,0,8,0,0,9,0,8,0,0,0,0,0,0,0,9,8,0
618,618,IT,Lead,6,6,0,0,9,9,9,0,0,0,0,10,0,0,0,0,0,10,0,0,0,0,0
619,619,Software Development,Junior,1,1,2,4,0,0,0,0,8,6,0,0,0,9,0,0,0,0,0,0,0,0,0
620,620,Software Development,Senior,4,3,8,7,0,0,0,0,9,8,0,0,0,6,8,0,0,0,0,0,0,0,0
621,621,IT,Junior,1,1,0,0,4,7,9,0,0,0,0,4,0,0,0,0,0,4,0,0,0,0,0
622,622,Data Science,Senior,4,3,0,0,0,0,0,0,0,0,0,0,0,0,0,7,8,0,7,6,0,0,6
623,623,Software Development,Lead,7,7,10,9,0,0,0,0,10,10,0,0,0,8,8,0,0,0,0,0,0,0,0
624,624,Data Science,Lead,7,7,0,0,0,0,0,0,0,0,0,0,0,0,0,9,8,0,8,10,0,0,9
625,625,HR,Senior,4,3,0,7,0,0,0,6,0,0,7,0,6,0,0,0,0,0,0,0,9,7,0
626,626,Data Science,Lead,6,6,0,0,0,0,0,0,0,0,0,0,0,0,0,9,9,0,8,9,0,0,9
627,627,HR,Senior,3,3,0,9,0,0,0,7,0,0,7,0,8,0,0,0,0,0,0,0,9,6,0
628,628,Data Science,Lead,6,6,0,0,0,0,0,0,0,0,0,0,0,0,0,10,9,0,9,8,0,0,8
629,629,Software Development,Junior,1,1,5,9,0,0,0,0,5,5,0,0,0,9,5,0,0,0,0,0,0,0,0
630,630,Software Development,Lead,9,8,10,10,0,0,0,0,9,9,0,0,0,10,10,0,0,0,0,0,0,0,0
631,631,HR,Junior,1,1,0,9,0,0,0,8,0,0,7,0,4,0,0,0,0,0,0,0,1,8,0
632,632,IT,Lead,6,6,0,0,10,8,10,0,0,0,0,10,0,0,0,0,0,8,0,0,0,0,0
633,633,HR,Junior,1,1,0,9,0,0,0,8,0,0,3,0,1,0,0,0,0,0,0,0,1,2,0
634,634,HR,Lead,6,6,0,9,0,0,0,9,0,0,9,0,10,0,0,0,0,0,0,0,10,10,0
635,635,Data Science,Junior,1,1,0,0,0,0,0,0,0,0,0,0,0,0,0,6,0,0,7,2,0,0,5
636,636,Data Science,Senior,4,3,0,0,0,0,0,0,0,0,0,0,0,0,0,6,9,0,7,9,0,0,8
637,637,HR,Senior,4,3,0,6,0,0,0,6,0,0,8,0,7,0,0,0,0,0,0,0,8,9,0
638,638,Software Development,Junior,1,1,4,7,0,0,0,0,8,1,0,0,0,0,1,0,0,0,0,0,0,0,0
639,639,Data Science,Lead,7,6,0,0,0,0,0,0,0,0,0,0,0,0,0,10,9,0,9,9,0,0,10
640,640,IT,Junior,1,1,0,0,9,2,9,0,0,0,0,5,0,0,0,0,0,8,0,0,0,0,0
641,641,Data Science,Lead,7,6,0,0,0,0,0,0,0,0,0,0,0,0,0,10,9,0,10,9,0,0,9
642,642,Data Science,Senior,3,3,0,0,0,0,0,0,0,0,0,0,0,0,0,9,7,0,8,6,0,0,8
643,643,IT,Lead,9,8,0,0,8,9,8,0,0,0,0,9,0,0,0,0,0,8,0,0,0,0,0
644,644,HR,Senior,4,3,0,8,0,0,0,7,0,0,7,0,6,0,0,0,0,0,0,0,7,7,0
645,645,IT,Lead,6,6,0,0,10,8,8,0,0,0,0,8,0,0,0,0,0,8,0,0,0,0,0
646,646,HR,Lead,8,7,0,10,0,0,0,10,0,0,10,0,8,0,0,0,0,0,0,0,9,8,0
647,647,HR,Lead,7,6,0,9,0,0,0,10,0,0,9,0,9,0,0,0,0,0,0,0,10,9,0
648,648,HR,Junior,1,1,0,2,0,0,0,8,0,0,6,0,4,0,0,0,0,0,0,0,4,4,0
649,649,IT,Junior,1,1,0,0,6,0,7,0,0,0,0,1,0,0,0,0,0,0,0,0,0,0,0
650,650,HR,Senior,3,3,0,9,0,0,0,6,0,0,7,0,8,0,0,0,0,0,0,0,7,9,0
651,651,Software Development,Senior,4,3,9,6,0,0,0,0,6,8,0,0,0,8,7,0,0,0,0,0,0,0,0
652,652,IT,Junior,1,1,0,0,4,2,6,0,0,0,0,1,0,0,0,0,0,4,0,0,0,0,0
653,653,Software Development,Senior,4,4,6,9,0,0,0,0,6,9,0,0,0,6,6,0,0,0,0,0,0,0,0
654,654,HR,Junior,1,1,0,8,0,0,0,1,0,0,5,0,8,0,0,0,0,0,0,0,3,1,0
655,655,Data Science,Lead,6,6,0,0,0,0,0,0,0,0,0,0,0,0,0,8,8,0,9,10,0,0,9
656,656,HR,Senior,3,3,0,8,0,0,0,8,0,0,6,0,6,0,0,0,0,0,0,0,6,6,0
657,657,Software Development,Senior,4,4,8,9,0,0,0,0,6,6,0,0,0,9,8,0,0,0,0,0,0,0,0
658,658,Software Development,Junior,1,1,8,5,0,0,0,0,5,1,0,0,0,4,6,0,0,0,0,0,0,0,0
659,659,IT,Senior,4,3,0,0,6,9,9,0,0,0,0,6,0,0,0,0,0,8,0,0,0,0,0
660,660,Data Science,Senior,4,4,0,0,0,0,0,0,0,0,0,0,0,0,0,6,9,0,9,9,0,0,7
661,661,IT,Lead,8,7,0,0,10,9,8,0,0,0,0,8,0,0,0,0,0,9,0,0,0,0,0
662,662,Software Development,Senior,4,3,9,9,0,0,0,0,9,9,0,0,0,7,7,0,0,0,0,0,0,0,0
663,663,HR,Lead,9,8,0,10,0,0,0,10,0,0,8,0,9,0,0,0,0,0,0,0,9,8,0
664,664,Data Science,Junior,1,1,0,0,0,0,0,0,0,0,0,0,0,0,0,0,4,0,1,5,0,0,3
665,665,HR,Senior,4,4,0,7,0,0,0,9,0,0,6,0,7,0,0,0,0,0,0,0,7,6,0
666,666,HR,Lead,7,6,0,9,0,0,0,10,0,0,9,0,10,0,0,0,0,0,0,0,8,9,0
667,667,Data Science,Junior,1,1,0,0,0,0,0,0,0,0,0,0,0,0,0,0,0,0,6,8,0,0,4
668,668,IT,Senior,4,3,0,0,6,6,6,0,0,0,0,8,0,0,0,0,0,8,0,0,0,0,0
669,669,HR,Junior,1,1,0,7,0,0,0,2,0,0,9,0,4,0,0,0,0,0,0,0,3,6,0
670,670,Software Development,Senior,3,3,7,6,0,0,0,0,8,7,0,0,0,6,7,0,0,0,0,0,0,0,0
671,671,HR,Junior,1,1,0,5,0,0,0,1,0,0,6,0,8,0,0,0,0,0,0,0,7,0,0
672,672,Data Science,Junior,1,1,0,0,0,0,0,0,0,0,0,0,0,0,0,5,2,0,0,7,0,0,2
673,673,Data Science,Lead,9,6,0,0,0,0,0,0,0,0,0,0,0,0,0,9,9,0,9,8,0,0,8
674,674,Data Science,Junior,1,1,0,0,0,0,0,0,0,0,0,0,0,0,0,6,2,0,9,9,0,0,0
675,675,IT,Senior,4,4,0,0,6,9,9,0,0,0,0,7,0,0,0,0,0,8,0,0,0,0,0
676,676,HR,Senior,4,3,0,9,0,0,0,9,0,0,7,0,9,0,0,0,0,0,0,0,8,6,0
677,677,IT,Lead,7,6,0,0,8,9,8,0,0,0,0,10,0,0,0,0,0,9,0,0,0,0,0
678,678,IT,Senior,3,3,0,0,8,9,6,0,0,0,0,6,0,0,0,0,0,7,0,0,0,0,0
679,679,Data Science,Senior,3,3,0,0,0,0,0,0,0,0,0,0,0,0,0,8,6,0,9,8,0,0,7
680,680,Data Science,Senior,3,3,0,0,0,0,0,0,0,0,0,0,0,0,0,7,6,0,6,7,0,0,6
681,681,IT,Junior,1,1,0,0,6,9,9,0,0,0,0,8,0,0,0,0,0,5,0,0,0,0,0
682,682,HR,Junior,1,1,0,3,0,0,0,9,0,0,9,0,0,0,0,0,0,0,0,0,7,7,0
683,683,Software Development,Senior,4,4,8,7,0,0,0,0,9,9,0,0,0,7,6,0,0,0,0,0,0,0,0
684,684,IT,Lead,7,6,0,0,9,8,9,0,0,0,0,10,0,0,0,0,0,9,0,0,0,0,0
685,685,HR,Junior,1,1,0,3,0,0,0,8,0,0,4,0,2,0,0,0,0,0,0,0,9,7,0
686,686,Data Science,Lead,6,6,0,0,0,0,0,0,0,0,0,0,0,0,0,9,10,0,9,9,0,0,9
687,687,Data Science,Senior,3,3,0,0,0,0,0,0,0,0,0,0,0,0,0,8,8,0,6,8,0,0,9
688,688,HR,Senior,3,3,0,9,0,0,0,6,0,0,8,0,9,0,0,0,0,0,0,0,8,8,0
689,689,Software Development,Junior,1,1,1,9,0,0,0,0,4,2,0,0,0,6,4,0,0,0,0,0,0,0,0
690,690,Data Science,Senior,4,4,0,0,0,0,0,0,0,0,0,0,0,0,0,8,9,0,7,9,0,0,9
691,691,Data Science,Junior,1,1,0,0,0,0,0,0,0,0,0,0,0,0,0,5,6,0,5,9,0,0,1
692,692,Data Science,Senior,4,3,0,0,0,0,0,0,0,0,0,0,0,0,0,9,7,0,8,8,0,0,9
693,693,HR,Senior,3,3,0,8,0,0,0,8,0,0,9,0,6,0,0,0,0,0,0,0,6,7,0
694,694,IT,Junior,1,1,0,0,8,1,9,0,0,0,0,5,0,0,0,0,0,2,0,0,0,0,0
695,695,Data Science,Junior,1,1,0,0,0,0,0,0,0,0,0,0,0,0,0,4,6,0,2,7,0,0,2
696,696,IT,Junior,1,1,0,0,2,6,4,0,0,0,0,8,0,0,0,0,0,9,0,0,0,0,0
697,697,Software Development,Senior,3,3,9,9,0,0,0,0,6,7,0,0,0,9,9,0,0,0,0,0,0,0,0
698,698,Data Science,Senior,3,3,0,0,0,0,0,0,0,0,0,0,0,0,0,8,6,0,9,6,0,0,7
699,699,Data Science,Lead,9,9,0,0,0,0,0,0,0,0,0,0,0,0,0,8,10,0,9,10,0,0,8
700,700,Software Development,Junior,1,1,0,7,0,0,0,0,9,4,0,0,0,4,1,0,0,0,0,0,0,0,0
701,701,Data Science,Senior,4,3,0,0,0,0,0,0,0,0,0,0,0,0,0,6,8,0,6,8,0,0,9
702,702,IT,Senior,4,4,0,0,9,7,7,0,0,0,0,7,0,0,0,0,0,8,0,0,0,0,0
703,703,HR,Junior,1,1,0,6,0,0,0,1,0,0,3,0,6,0,0,0,0,0,0,0,1,0,0
704,704,IT,Lead,6,6,0,0,9,9,9,0,0,0,0,9,0,0,0,0,0,8,0,0,0,0,0
705,705,HR,Junior,1,1,0,7,0,0,0,7,0,0,5,0,5,0,0,0,0,0,0,0,2,1,0
706,706,HR,Lead,6,6,0,10,0,0,0,9,0,0,8,0,10,0,0,0,0,0,0,0,9,10,0
707,707,IT,Senior,4,4,0,0,9,7,6,0,0,0,0,9,0,0,0,0,0,7,0,0,0,0,0
708,708,IT,Lead,8,6,0,0,9,10,10,0,0,0,0,10,0,0,0,0,0,8,0,0,0,0,0
709,709,IT,Senior,4,3,0,0,6,7,8,0,0,0,0,7,0,0,0,0,0,9,0,0,0,0,0
710,710,IT,Junior,1,1,0,0,7,9,1,0,0,0,0,1,0,0,0,0,0,7,0,0,0,0,0
711,711,Software Development,Junior,1,1,3,3,0,0,0,0,4,5,0,0,0,9,7,0,0,0,0,0,0,0,0
712,712,Data Science,Junior,1,1,0,0,0,0,0,0,0,0,0,0,0,0,0,0,1,0,4,7,0,0,0
713,713,HR,Lead,8,8,0,9,0,0,0,9,0,0,10,0,8,0,0,0,0,0,0,0,10,8,0
714,714,IT,Senior,3,3,0,0,8,8,9,0,0,0,0,8,0,0,0,0,0,9,0,0,0,0,0
715,715,IT,Junior,1,1,0,0,3,6,1,0,0,0,0,4,0,0,0,0,0,5,0,0,0,0,0
716,716,IT,Junior,1,1,0,0,5,9,8,0,0,0,0,1,0,0,0,0,0,6,0,0,0,0,0
717,717,Software Development,Senior,3,3,8,8,0,0,0,0,8,6,0,0,0,9,9,0,0,0,0,0,0,0,0
718,718,IT,Junior,1,1,0,0,7,9,3,0,0,0,0,9,0,0,0,0,0,2,0,0,0,0,0
719,719,IT,Senior,3,3,0,0,6,8,8,0,0,0,0,8,0,0,0,0,0,8,0,0,0,0,0
720,720,IT,Senior,4,3,0,0,7,7,7,0,0,0,0,7,0,0,0,0,0,8,0,0,0,0,0
721,721,Data Science,Senior,3,3,0,0,0,0,0,0,0,0,0,0,0,0,0,8,7,0,6,6,0,0,9
722,722,Software Development,Senior,4,4,7,9,0,0,0,0,6,7,0,0,0,6,9,0,0,0,0,0,0,0,0
723,723,IT,Senior,4,3,0,0,9,8,8,0,0,0,0,8,0,0,0,0,0,8,0,0,0,0,0
724,724,HR,Lead,7,6,0,8,0,0,0,10,0,0,9,0,10,0,0,0,0,0,0,0,10,10,0
725,725,HR,Junior,1,1,0,4,0,0,0,2,0,0,0,0,5,0,0,0,0,0,0,0,9,2,0
726,726,HR,Lead,8,6,0,10,0,0,0,9,0,0,9,0,9,0,0,0,0,0,0,0,10,9,0
727,727,Software Development,Junior,1,1,0,9,0,0,0,0,8,1,0,0,0,7,1,0,0,0,0,0,0,0,0
728,728,Software Development,Lead,9,7,10,9,0,0,0,0,9,8,0,0,0,10,8,0,0,0,0,0,0,0,0
729,729,HR,Senior,4,4,0,8,0,0,0,6,0,0,8,0,8,0,0,0,0,0,0,0,9,9,0
730,730,IT,Junior,1,1,0,0,4,0,0,0,0,0,0,3,0,0,0,0,0,7,0,0,0,0,0
731,731,Software Development,Junior,1,1,1,8,0,0,0,0,8,7,0,0,0,0,9,0,0,0,0,0,0,0,0
732,732,HR,Lead,9,9,0,8,0,0,0,9,0,0,10,0,10,0,0,0,0,0,0,0,10,10,0
733,733,HR,Lead,8,7,0,9,0,0,0,10,0,0,9,0,9,0,0,0,0,0,0,0,8,10,0
734,734,IT,Junior,1,1,0,0,6,7,5,0,0,0,0,1,0,0,0,0,0,7,0,0,0,0,0
735,735,Data Science,Lead,8,8,0,0,0,0,0,0,0,0,0,0,0,0,0,9,9,0,10,9,0,0,8
736,736,Software Development,Lead,7,6,8,8,0,0,0,0,10,9,0,0,0,10,10,0,0,0,0,0,0,0,0
737,737,IT,Lead,6,6,0,0,8,10,9,0,0,0,0,9,0,0,0,0,0,8,0,0,0,0,0
738,738,HR,Senior,4,3,0,7,0,0,0,6,0,0,9,0,6,0,0,0,0,0,0,0,6,6,0
739,739,HR,Senior,4,3,0,6,0,0,0,7,0,0,6,0,9,0,0,0,0,0,0,0,7,8,0
740,740,IT,Lead,6,6,0,0,9,8,8,0,0,0,0,8,0,0,0,0,0,10,0,0,0,0,0
741,741,Software Development,Lead,9,9,10,10,0,0,0,0,8,8,0,0,0,9,8,0,0,0,0,0,0,0,0
742,742,Data Science,Senior,3,3,0,0,0,0,0,0,0,0,0,0,0,0,0,6,6,0,9,6,0,0,7
743,743,Data Science,Senior,3,3,0,0,0,0,0,0,0,0,0,0,0,0,0,7,7,0,6,9,0,0,8
744,744,HR,Junior,1,1,0,7,0,0,0,9,0,0,6,0,6,0,0,0,0,0,0,0,4,7,0
745,745,Software Development,Junior,1,1,7,2,0,0,0,0,5,7,0,0,0,0,3,0,0,0,0,0,0,0,0
746,746,Data Science,Senior,4,3,0,0,0,0,0,0,0,0,0,0,0,0,0,7,8,0,9,8,0,0,8
747,747,Software Development,Lead,8,8,9,8,0,0,0,0,10,8,0,0,0,9,8,0,0,0,0,0,0,0,0
748,748,Software Development,Lead,8,8,10,9,0,0,0,0,10,10,0,0,0,10,10,0,0,0,0,0,0,0,0
749,749,HR,Lead,9,7,0,8,0,0,0,8,0,0,9,0,9,0,0,0,0,0,0,0,8,8,0
750,750,Data Science,Lead,7,6,0,0,0,0,0,0,0,0,0,0,0,0,0,8,9,0,10,8,0,0,8
751,751,IT,Junior,1,1,0,0,9,1,0,0,0,0,0,7,0,0,0,0,0,3,0,0,0,0,0
752,752,HR,Senior,3,3,0,9,0,0,0,6,0,0,9,0,8,0,0,0,0,0,0,0,6,9,0
753,753,Data Science,Lead,8,7,0,0,0,0,0,0,0,0,0,0,0,0,0,8,10,0,10,8,0,0,8
754,754,Data Science,Junior,1,1,0,0,0,0,0,0,0,0,0,0,0,0,0,5,4,0,4,8,0,0,9
755,755,Data Science,Lead,7,6,0,0,0,0,0,0,0,0,0,0,0,0,0,10,10,0,10,9,0,0,10
756,756,Data Science,Senior,3,3,0,0,0,0,0,0,0,0,0,0,0,0,0,7,6,0,9,8,0,0,8
757,757,Data Science,Junior,1,1,0,0,0,0,0,0,0,0,0,0,0,0,0,1,5,0,4,7,0,0,6
758,758,Software Development,Senior,3,3,7,6,0,0,0,0,8,9,0,0,0,6,6,0,0,0,0,0,0,0,0
759,759,HR,Senior,3,3,0,8,0,0,0,9,0,0,7,0,7,0,0,0,0,0,0,0,9,7,0
760,760,Software Development,Junior,1,1,1,3,0,0,0,0,9,6,0,0,0,7,0,0,0,0,0,0,0,0,0
761,761,IT,Junior,1,1,0,0,7,0,7,0,0,0,0,2,0,0,0,0,0,7,0,0,0,0,0
762,762,Data Science,Junior,1,1,0,0,0,0,0,0,0,0,0,0,0,0,0,4,8,0,5,3,0,0,5
763,763,HR,Junior,1,1,0,9,0,0,0,0,0,0,9,0,8,0,0,0,0,0,0,0,6,6,0
764,764,Data Science,Junior,1,1,0,0,0,0,0,0,0,0,0,0,0,0,0,1,5,0,8,9,0,0,6
765,765,HR,Junior,1,1,0,5,0,0,0,1,0,0,3,0,5,0,0,0,0,0,0,0,2,7,0
766,766,Software Development,Junior,1,1,8,9,0,0,0,0,1,4,0,0,0,8,7,0,0,0,0,0,0,0,0
767,767,HR,Lead,8,7,0,9,0,0,0,9,0,0,10,0,8,0,0,0,0,0,0,0,10,8,0
768,768,IT,Senior,3,3,0,0,6,8,6,0,0,0,0,9,0,0,0,0,0,8,0,0,0,0,0
769,769,IT,Junior,1,1,0,0,3,9,5,0,0,0,0,5,0,0,0,0,0,7,0,0,0,0,0
770,770,HR,Lead,6,6,0,9,0,0,0,10,0,0,10,0,8,0,0,0,0,0,0,0,9,9,0
771,771,HR,Lead,6,6,0,9,0,0,0,8,0,0,10,0,10,0,0,0,0,0,0,0,9,10,0
772,772,HR,Lead,7,7,0,9,0,0,0,10,0,0,9,0,9,0,0,0,0,0,0,0,9,8,0
773,773,HR,Senior,4,4,0,6,0,0,0,9,0,0,8,0,8,0,0,0,0,0,0,0,7,7,0
774,774,IT,Junior,1,1,0,0,0,2,3,0,0,0,0,5,0,0,0,0,0,1,0,0,0,0,0
775,775,Data Science,Lead,7,7,0,0,0,0,0,0,0,0,0,0,0,0,0,10,9,0,9,10,0,0,8
776,776,HR,Senior,4,4,0,8,0,0,0,6,0,0,9,0,9,0,0,0,0,0,0,0,7,8,0
777,777,HR,Senior,4,4,0,9,0,0,0,9,0,0,8,0,8,0,0,0,0,0,0,0,6,8,0
778,778,IT,Senior,3,3,0,0,8,7,7,0,0,0,0,8,0,0,0,0,0,7,0,0,0,0,0
779,779,IT,Lead,8,6,0,0,8,9,9,0,0,0,0,10,0,0,0,0,0,8,0,0,0,0,0
780,780,Software Development,Junior,1,1,7,2,0,0,0,0,5,7,0,0,0,7,4,0,0,0,0,0,0,0,0
781,781,HR,Lead,6,6,0,10,0,0,0,8,0,0,10,0,10,0,0,0,0,0,0,0,9,10,0
782,782,Software Development,Lead,8,7,8,8,0,0,0,0,10,10,0,0,0,9,8,0,0,0,0,0,0,0,0
783,783,IT,Junior,1,1,0,0,0,9,6,0,0,0,0,6,0,0,0,0,0,0,0,0,0,0,0
784,784,IT,Junior,1,1,0,0,7,3,4,0,0,0,0,4,0,0,0,0,0,3,0,0,0,0,0
785,785,Data Science,Junior,1,1,0,0,0,0,0,0,0,0,0,0,0,0,0,6,9,0,6,0,0,0,8
786,786,HR,Senior,4,3,0,9,0,0,0,6,0,0,7,0,8,0,0,0,0,0,0,0,8,7,0
787,787,Software Development,Junior,1,1,8,6,0,0,0,0,3,2,0,0,0,8,3,0,0,0,0,0,0,0,0
788,788,IT,Lead,6,6,0,0,8,10,8,0,0,0,0,9,0,0,0,0,0,10,0,0,0,0,0
789,789,IT,Junior,1,1,0,0,8,1,1,0,0,0,0,6,0,0,0,0,0,6,0,0,0,0,0
790,790,Software Development,Lead,8,8,9,8,0,0,0,0,10,10,0,0,0,9,8,0,0,0,0,0,0,0,0
791,791,Data Science,Senior,4,4,0,0,0,0,0,0,0,0,0,0,0,0,0,6,6,0,8,6,0,0,6
792,792,IT,Lead,8,8,0,0,9,10,8,0,0,0,0,9,0,0,0,0,0,8,0,0,0,0,0
793,793,HR,Lead,6,6,0,9,0,0,0,10,0,0,8,0,9,0,0,0,0,0,0,0,9,8,0
794,794,IT,Junior,1,1,0,0,5,6,6,0,0,0,0,8,0,0,0,0,0,2,0,0,0,0,0
795,795,HR,Junior,1,1,0,5,0,0,0,2,0,0,6,0,3,0,0,0,0,0,0,0,1,9,0
796,796,Software Development,Lead,7,6,10,8,0,0,0,0,8,8,0,0,0,8,9,0,0,0,0,0,0,0,0
797,797,HR,Junior,1,1,0,1,0,0,0,0,0,0,8,0,2,0,0,0,0,0,0,0,0,5,0
798,798,Software Development,Senior,3,3,6,6,0,0,0,0,8,9,0,0,0,7,6,0,0,0,0,0,0,0,0
799,799,HR,Senior,3,3,0,7,0,0,0,6,0,0,6,0,9,0,0,0,0,0,0,0,9,8,0
800,800,Software Development,Junior,1,1,4,9,0,0,0,0,6,0,0,0,0,8,3,0,0,0,0,0,0,0,0
801,801,HR,Senior,3,3,0,7,0,0,0,7,0,0,6,0,6,0,0,0,0,0,0,0,6,6,0
802,802,Data Science,Junior,1,1,0,0,0,0,0,0,0,0,0,0,0,0,0,4,3,0,6,3,0,0,5
803,803,HR,Lead,8,7,0,8,0,0,0,9,0,0,8,0,8,0,0,0,0,0,0,0,8,10,0
804,804,HR,Lead,8,7,0,8,0,0,0,8,0,0,10,0,9,0,0,0,0,0,0,0,10,8,0
805,805,Data Science,Senior,4,4,0,0,0,0,0,0,0,0,0,0,0,0,0,9,9,0,9,9,0,0,7
806,806,IT,Junior,1,1,0,0,2,7,2,0,0,0,0,7,0,0,0,0,0,8,0,0,0,0,0
807,807,IT,Junior,1,1,0,0,1,0,5,0,0,0,0,1,0,0,0,0,0,9,0,0,0,0,0
808,808,HR,Senior,4,4,0,6,0,0,0,8,0,0,7,0,6,0,0,0,0,0,0,0,6,6,0
809,809,Data Science,Lead,7,7,0,0,0,0,0,0,0,0,0,0,0,0,0,8,9,0,8,10,0,0,10
810,810,HR,Senior,4,3,0,9,0,0,0,6,0,0,8,0,7,0,0,0,0,0,0,0,8,8,0
811,811,Software Development,Lead,7,6,8,8,0,0,0,0,10,8,0,0,0,9,8,0,0,0,0,0,0,0,0
812,812,Software Development,Junior,1,1,8,1,0,0,0,0,3,6,0,0,0,8,8,0,0,0,0,0,0,0,0
813,813,HR,Lead,9,7,0,10,0,0,0,9,0,0,9,0,10,0,0,0,0,0,0,0,10,10,0
814,814,IT,Senior,3,3,0,0,6,8,6,0,0,0,0,7,0,0,0,0,0,6,0,0,0,0,0
815,815,IT,Junior,1,1,0,0,5,5,5,0,0,0,0,0,0,0,0,0,0,1,0,0,0,0,0
816,816,HR,Senior,4,3,0,9,0,0,0,6,0,0,9,0,8,0,0,0,0,0,0,0,6,7,0
817,817,HR,Senior,4,3,0,7,0,0,0,7,0,0,9,0,6,0,0,0,0,0,0,0,9,7,0
818,818,Software Development,Lead,8,8,9,10,0,0,0,0,9,8,0,0,0,9,9,0,0,0,0,0,0,0,0
819,819,IT,Senior,3,3,0,0,8,9,7,0,0,0,0,7,0,0,0,0,0,8,0,0,0,0,0
820,820,HR,Lead,7,6,0,9,0,0,0,8,0,0,10,0,9,0,0,0,0,0,0,0,8,8,0
821,821,Software Development,Junior,1,1,8,9,0,0,0,0,8,7,0,0,0,7,6,0,0,0,0,0,0,0,0
822,822,IT,Lead,8,7,0,0,10,9,10,0,0,0,0,10,0,0,0,0,0,10,0,0,0,0,0
823,823,Data Science,Junior,1,1,0,0,0,0,0,0,0,0,0,0,0,0,0,7,3,0,5,9,0,0,2
824,824,Software Development,Lead,7,7,10,10,0,0,0,0,9,8,0,0,0,10,9,0,0,0,0,0,0,0,0
825,825,IT,Senior,3,3,0,0,9,7,9,0,0,0,0,7,0,0,0,0,0,6,0,0,0,0,0
826,826,IT,Lead,9,7,0,0,9,9,9,0,0,0,0,10,0,0,0,0,0,10,0,0,0,0,0
827,827,Software Development,Lead,6,6,8,9,0,0,0,0,8,9,0,0,0,9,10,0,0,0,0,0,0,0,0
828,828,Data Science,Junior,1,1,0,0,0,0,0,0,0,0,0,0,0,0,0,2,1,0,7,4,0,0,0
829,829,Software Development,Senior,3,3,9,9,0,0,0,0,8,6,0,0,0,9,6,0,0,0,0,0,0,0,0
830,830,IT,Lead,9,8,0,0,9,9,8,0,0,0,0,9,0,0,0,0,0,9,0,0,0,0,0
831,831,HR,Senior,4,3,0,9,0,0,0,9,0,0,9,0,6,0,0,0,0,0,0,0,7,8,0
832,832,HR,Lead,7,7,0,9,0,0,0,8,0,0,10,0,8,0,0,0,0,0,0,0,10,9,0
833,833,Software Development,Lead,7,7,10,10,0,0,0,0,8,9,0,0,0,9,8,0,0,0,0,0,0,0,0
834,834,IT,Senior,4,3,0,0,7,8,6,0,0,0,0,6,0,0,0,0,0,6,0,0,0,0,0
835,835,HR,Lead,8,7,0,9,0,0,0,8,0,0,10,0,10,0,0,0,0,0,0,0,9,10,0
836,836,IT,Senior,4,3,0,0,7,7,9,0,0,0,0,7,0,0,0,0,0,8,0,0,0,0,0
837,837,Software Development,Lead,9,7,8,9,0,0,0,0,10,9,0,0,0,9,8,0,0,0,0,0,0,0,0
838,838,HR,Junior,1,1,0,6,0,0,0,0,0,0,9,0,7,0,0,0,0,0,0,0,1,6,0
839,839,IT,Senior,3,3,0,0,7,9,6,0,0,0,0,8,0,0,0,0,0,7,0,0,0,0,0
840,840,HR,Lead,8,7,0,8,0,0,0,8,0,0,8,0,8,0,0,0,0,0,0,0,8,10,0
841,841,Software Development,Lead,7,7,9,10,0,0,0,0,9,8,0,0,0,8,9,0,0,0,0,0,0,0,0
842,842,IT,Junior,1,1,0,0,6,6,5,0,0,0,0,8,0,0,0,0,0,2,0,0,0,0,0
843,843,HR,Senior,3,3,0,6,0,0,0,9,0,0,9,0,6,0,0,0,0,0,0,0,6,8,0
844,844,Software Development,Lead,8,8,8,9,0,0,0,0,8,9,0,0,0,10,8,0,0,0,0,0,0,0,0
845,845,HR,Junior,1,1,0,1,0,0,0,0,0,0,5,0,1,0,0,0,0,0,0,0,7,3,0
846,846,HR,Lead,7,6,0,8,0,0,0,8,0,0,8,0,8,0,0,0,0,0,0,0,9,8,0
847,847,Data Science,Senior,3,3,0,0,0,0,0,0,0,0,0,0,0,0,0,8,9,0,7,7,0,0,6
848,848,Data Science,Lead,6,6,0,0,0,0,0,0,0,0,0,0,0,0,0,10,8,0,8,10,0,0,9
849,849,Software Development,Lead,9,6,9,8,0,0,0,0,9,8,0,0,0,10,8,0,0,0,0,0,0,0,0
850,850,Data Science,Lead,9,6,0,0,0,0,0,0,0,0,0,0,0,0,0,10,8,0,10,8,0,0,10
851,851,Software Development,Lead,6,6,10,10,0,0,0,0,9,9,0,0,0,8,8,0,0,0,0,0,0,0,0
852,852,Data Science,Junior,1,1,0,0,0,0,0,0,0,0,0,0,0,0,0,8,8,0,7,5,0,0,6
853,853,HR,Junior,1,1,0,2,0,0,0,8,0,0,6,0,0,0,0,0,0,0,0,0,1,0,0
854,854,Software Development,Senior,3,3,7,6,0,0,0,0,6,7,0,0,0,9,8,0,0,0,0,0,0,0,0
855,855,Software Development,Junior,1,1,7,9,0,0,0,0,3,3,0,0,0,9,4,0,0,0,0,0,0,0,0
856,856,HR,Junior,1,1,0,7,0,0,0,3,0,0,3,0,5,0,0,0,0,0,0,0,4,2,0
857,857,Software Development,Senior,4,4,7,7,0,0,0,0,6,6,0,0,0,7,8,0,0,0,0,0,0,0,0
858,858,Software Development,Junior,1,1,6,4,0,0,0,0,1,6,0,0,0,9,0,0,0,0,0,0,0,0,0
859,859,Data Science,Junior,1,1,0,0,0,0,0,0,0,0,0,0,0,0,0,3,9,0,0,6,0,0,3
860,860,Software Development,Senior,3,3,9,6,0,0,0,0,9,7,0,0,0,6,7,0,0,0,0,0,0,0,0
861,861,IT,Senior,3,3,0,0,7,7,6,0,0,0,0,8,0,0,0,0,0,7,0,0,0,0,0
862,862,HR,Senior,3,3,0,9,0,0,0,6,0,0,9,0,6,0,0,0,0,0,0,0,6,6,0
863,863,Data Science,Lead,9,8,0,0,0,0,0,0,0,0,0,0,0,0,0,10,8,0,8,10,0,0,10
864,864,Data Science,Lead,8,6,0,0,0,0,0,0,0,0,0,0,0,0,0,8,9,0,8,10,0,0,9
865,865,IT,Senior,3,3,0,0,6,9,9,0,0,0,0,7,0,0,0,0,0,8,0,0,0,0,0
866,866,HR,Senior,4,3,0,7,0,0,0,6,0,0,9,0,8,0,0,0,0,0,0,0,8,6,0
867,867,HR,Senior,3,3,0,6,0,0,0,6,0,0,9,0,8,0,0,0,0,0,0,0,6,7,0
868,868,Data Science,Lead,8,7,0,0,0,0,0,0,0,0,0,0,0,0,0,8,10,0,9,8,0,0,10
869,869,Software Development,Lead,9,7,8,10,0,0,0,0,9,8,0,0,0,8,9,0,0,0,0,0,0,0,0
870,870,Data Science,Junior,1,1,0,0,0,0,0,0,0,0,0,0,0,0,0,6,9,0,8,1,0,0,5
871,871,HR,Junior,1,1,0,1,0,0,0,5,0,0,9,0,1,0,0,0,0,0,0,0,5,1,0
872,872,IT,Senior,4,4,0,0,6,7,9,0,0,0,0,9,0,0,0,0,0,6,0,0,0,0,0
873,873,Data Science,Lead,9,9,0,0,0,0,0,0,0,0,0,0,0,0,0,10,8,0,9,9,0,0,8
874,874,HR,Lead,7,7,0,10,0,0,0,10,0,0,8,0,10,0,0,0,0,0,0,0,9,9,0
875,875,Data Science,Lead,6,6,0,0,0,0,0,0,0,0,0,0,0,0,0,10,8,0,10,9,0,0,8
876,876,Software Development,Senior,3,3,7,7,0,0,0,0,7,7,0,0,0,6,7,0,0,0,0,0,0,0,0
877,877,Data Science,Junior,1,1,0,0,0,0,0,0,0,0,0,0,0,0,0,9,6,0,8,3,0,0,2
878,878,Data Science,Senior,4,3,0,0,0,0,0,0,0,0,0,0,0,0,0,7,9,0,6,7,0,0,7
879,879,HR,Junior,1,1,0,5,0,0,0,2,0,0,6,0,2,0,0,0,0,0,0,0,0,0,0
880,880,HR,Junior,1,1,0,5,0,0,0,6,0,0,8,0,9,0,0,0,0,0,0,0,7,7,0
881,881,HR,Senior,4,3,0,9,0,0,0,7,0,0,8,0,7,0,0,0,0,0,0,0,8,6,0
882,882,Data Science,Junior,1,1,0,0,0,0,0,0,0,0,0,0,0,0,0,1,1,0,6,8,0,0,8
883,883,Software Development,Junior,1,1,1,7,0,0,0,0,4,8,0,0,0,2,5,0,0,0,0,0,0,0,0
884,884,IT,Lead,6,6,0,0,9,10,9,0,0,0,0,8,0,0,0,0,0,9,0,0,0,0,0
885,885,IT,Junior,1,1,0,0,0,7,4,0,0,0,0,9,0,0,0,0,0,8,0,0,0,0,0
886,886,HR,Senior,4,3,0,7,0,0,0,9,0,0,7,0,8,0,0,0,0,0,0,0,8,7,0
887,887,HR,Senior,3,3,0,6,0,0,0,7,0,0,8,0,7,0,0,0,0,0,0,0,8,9,0
888,888,Data Science,Junior,1,1,0,0,0,0,0,0,0,0,0,0,0,0,0,1,8,0,0,2,0,0,2
889,889,IT,Lead,9,6,0,0,8,9,9,0,0,0,0,10,0,0,0,0,0,9,0,0,0,0,0
890,890,HR,Lead,6,6,0,9,0,0,0,9,0,0,9,0,9,0,0,0,0,0,0,0,10,9,0
891,891,Software Development,Junior,1,1,2,2,0,0,0,0,7,2,0,0,0,8,7,0,0,0,0,0,0,0,0
892,892,Software Development,Junior,1,1,2,8,0,0,0,0,3,0,0,0,0,5,0,0,0,0,0,0,0,0,0
893,893,HR,Senior,4,4,0,8,0,0,0,9,0,0,7,0,6,0,0,0,0,0,0,0,6,9,0
894,894,HR,Junior,1,1,0,3,0,0,0,4,0,0,3,0,3,0,0,0,0,0,0,0,2,7,0
895,895,IT,Lead,9,8,0,0,8,9,9,0,0,0,0,10,0,0,0,0,0,10,0,0,0,0,0
896,896,IT,Junior,1,1,0,0,3,3,3,0,0,0,0,3,0,0,0,0,0,8,0,0,0,0,0
897,897,Data Science,Senior,3,3,0,0,0,0,0,0,0,0,0,0,0,0,0,6,9,0,9,9,0,0,6
898,898,IT,Senior,4,4,0,0,9,7,6,0,0,0,0,7,0,0,0,0,0,8,0,0,0,0,0
899,899,Software Development,Senior,3,3,6,6,0,0,0,0,9,8,0,0,0,7,8,0,0,0,0,0,0,0,0
900,900,Software Development,Senior,3,3,7,7,0,0,0,0,9,7,0,0,0,6,6,0,0,0,0,0,0,0,0
901,901,HR,Senior,3,3,0,6,0,0,0,6,0,0,7,0,7,0,0,0,0,0,0,0,7,6,0
902,902,IT,Junior,1,1,0,0,1,3,0,0,0,0,0,0,0,0,0,0,0,7,0,0,0,0,0
903,903,Data Science,Junior,1,1,0,0,0,0,0,0,0,0,0,0,0,0,0,3,2,0,0,3,0,0,7
904,904,Software Development,Junior,1,1,5,0,0,0,0,0,0,0,0,0,0,4,2,0,0,0,0,0,0,0,0
905,905,Software Development,Junior,1,1,3,9,0,0,0,0,0,6,0,0,0,1,6,0,0,0,0,0,0,0,0
906,906,Data Science,Senior,3,3,0,0,0,0,0,0,0,0,0,0,0,0,0,7,7,0,7,9,0,0,9
907,907,Data Science,Lead,8,6,0,0,0,0,0,0,0,0,0,0,0,0,0,8,10,0,9,9,0,0,10
908,908,Software Development,Junior,1,1,8,2,0,0,0,0,5,3,0,0,0,8,7,0,0,0,0,0,0,0,0
909,909,Software Development,Lead,7,7,8,9,0,0,0,0,8,8,0,0,0,9,9,0,0,0,0,0,0,0,0
910,910,Data Science,Junior,1,1,0,0,0,0,0,0,0,0,0,0,0,0,0,4,6,0,8,8,0,0,6
911,911,Software Development,Junior,1,1,5,2,0,0,0,0,3,5,0,0,0,7,0,0,0,0,0,0,0,0,0
912,912,HR,Lead,7,7,0,9,0,0,0,9,0,0,9,0,10,0,0,0,0,0,0,0,9,8,0
913,913,HR,Senior,3,3,0,6,0,0,0,6,0,0,8,0,8,0,0,0,0,0,0,0,7,8,0
914,914,Data Science,Junior,1,1,0,0,0,0,0,0,0,0,0,0,0,0,0,4,6,0,8,2,0,0,0
915,915,IT,Junior,1,1,0,0,6,8,2,0,0,0,0,7,0,0,0,0,0,4,0,0,0,0,0
916,916,Data Science,Junior,1,1,0,0,0,0,0,0,0,0,0,0,0,0,0,2,8,0,3,9,0,0,4
917,917,Data Science,Lead,9,6,0,0,0,0,0,0,0,0,0,0,0,0,0,9,10,0,10,10,0,0,9
918,918,IT,Senior,3,3,0,0,6,8,9,0,0,0,0,6,0,0,0,0,0,6,0,0,0,0,0
919,919,IT,Lead,9,9,0,0,8,10,8,0,0,0,0,10,0,0,0,0,0,9,0,0,0,0,0
920,920,IT,Lead,9,7,0,0,10,10,8,0,0,0,0,10,0,0,0,0,0,8,0,0,0,0,0
921,921,HR,Senior,4,3,0,6,0,0,0,9,0,0,8,0,7,0,0,0,0,0,0,0,8,9,0
922,922,Software Development,Lead,7,7,8,8,0,0,0,0,9,8,0,0,0,10,9,0,0,0,0,0,0,0,0
923,923,HR,Senior,3,3,0,7,0,0,0,9,0,0,9,0,7,0,0,0,0,0,0,0,8,7,0
924,924,Software Development,Junior,1,1,8,8,0,0,0,0,8,3,0,0,0,4,4,0,0,0,0,0,0,0,0
925,925,HR,Senior,3,3,0,8,0,0,0,7,0,0,7,0,8,0,0,0,0,0,0,0,7,6,0
926,926,Software Development,Junior,1,1,8,7,0,0,0,0,0,0,0,0,0,3,0,0,0,0,0,0,0,0,0
927,927,HR,Lead,7,6,0,8,0,0,0,10,0,0,8,0,10,0,0,0,0,0,0,0,8,10,0
928,928,IT,Lead,7,7,0,0,9,9,8,0,0,0,0,9,0,0,0,0,0,9,0,0,0,0,0
929,929,Data Science,Junior,1,1,0,0,0,0,0,0,0,0,0,0,0,0,0,9,8,0,0,9,0,0,9
930,930,HR,Lead,6,6,0,10,0,0,0,8,0,0,10,0,10,0,0,0,0,0,0,0,9,10,0
931,931,Software Development,Senior,4,3,7,8,0,0,0,0,7,7,0,0,0,9,8,0,0,0,0,0,0,0,0
932,932,IT,Junior,1,1,0,0,3,6,7,0,0,0,0,0,0,0,0,0,0,6,0,0,0,0,0
933,933,HR,Lead,8,7,0,10,0,0,0,9,0,0,10,0,8,0,0,0,0,0,0,0,8,8,0
934,934,HR,Junior,1,1,0,6,0,0,0,9,0,0,0,0,0,0,0,0,0,0,0,0,0,6,0
935,935,IT,Senior,3,3,0,0,6,9,9,0,0,0,0,9,0,0,0,0,0,8,0,0,0,0,0
936,936,HR,Senior,3,3,0,6,0,0,0,9,0,0,9,0,8,0,0,0,0,0,0,0,7,9,0
937,937,Data Science,Lead,9,9,0,0,0,0,0,0,0,0,0,0,0,0,0,9,10,0,10,9,0,0,10
938,938,HR,Senior,3,3,0,9,0,0,0,9,0,0,6,0,6,0,0,0,0,0,0,0,8,9,0
939,939,Data Science,Junior,1,1,0,0,0,0,0,0,0,0,0,0,0,0,0,9,4,0,0,1,0,0,0
940,940,Data Science,Senior,4,3,0,0,0,0,0,0,0,0,0,0,0,0,0,6,7,0,7,9,0,0,8
941,941,IT,Junior,1,1,0,0,3,4,9,0,0,0,0,6,0,0,0,0,0,5,0,0,0,0,0
942,942,HR,Junior,1,1,0,6,0,0,0,8,0,0,6,0,9,0,0,0,0,0,0,0,9,9,0
943,943,IT,Senior,3,3,0,0,8,9,6,0,0,0,0,7,0,0,0,0,0,8,0,0,0,0,0
944,944,HR,Lead,9,7,0,8,0,0,0,8,0,0,10,0,8,0,0,0,0,0,0,0,10,10,0
945,945,HR,Senior,4,3,0,6,0,0,0,9,0,0,7,0,8,0,0,0,0,0,0,0,6,8,0
946,946,Software Development,Junior,1,1,9,9,0,0,0,0,7,5,0,0,0,7,2,0,0,0,0,0,0,0,0
947,947,HR,Junior,1,1,0,1,0,0,0,0,0,0,0,0,8,0,0,0,0,0,0,0,5,1,0
948,948,IT,Senior,4,3,0,0,7,7,9,0,0,0,0,7,0,0,0,0,0,7,0,0,0,0,0
949,949,Data Science,Lead,8,8,0,0,0,0,0,0,0,0,0,0,0,0,0,9,10,0,10,8,0,0,9
950,950,HR,Lead,8,6,0,9,0,0,0,10,0,0,8,0,8,0,0,0,0,0,0,0,10,8,0
951,951,Software Development,Junior,1,1,3,1,0,0,0,0,0,2,0,0,0,2,4,0,0,0,0,0,0,0,0
952,952,IT,Junior,1,1,0,0,4,8,7,0,0,0,0,2,0,0,0,0,0,5,0,0,0,0,0
953,953,HR,Lead,9,6,0,9,0,0,0,10,0,0,10,0,8,0,0,0,0,0,0,0,8,9,0
954,954,IT,Senior,4,4,0,0,7,8,8,0,0,0,0,7,0,0,0,0,0,8,0,0,0,0,0
955,955,Software Development,Junior,1,1,3,1,0,0,0,0,8,3,0,0,0,5,4,0,0,0,0,0,0,0,0
956,956,Software Development,Junior,1,1,2,8,0,0,0,0,1,9,0,0,0,5,6,0,0,0,0,0,0,0,0
957,957,IT,Lead,7,7,0,0,9,10,10,0,0,0,0,8,0,0,0,0,0,9,0,0,0,0,0
958,958,HR,Senior,3,3,0,8,0,0,0,9,0,0,9,0,6,0,0,0,0,0,0,0,7,6,0
959,959,Data Science,Lead,8,8,0,0,0,0,0,0,0,0,0,0,0,0,0,10,9,0,10,10,0,0,8
960,960,Software Development,Senior,3,3,7,9,0,0,0,0,6,7,0,0,0,9,9,0,0,0,0,0,0,0,0
961,961,HR,Senior,3,3,0,6,0,0,0,9,0,0,7,0,7,0,0,0,0,0,0,0,9,6,0
962,962,HR,Senior,4,4,0,9,0,0,0,6,0,0,9,0,8,0,0,0,0,0,0,0,6,6,0
963,963,Data Science,Junior,1,1,0,0,0,0,0,0,0,0,0,0,0,0,0,2,1,0,9,8,0,0,8
964,964,Software Development,Lead,9,6,10,8,0,0,0,0,9,9,0,0,0,8,10,0,0,0,0,0,0,0,0
965,965,Software Development,Lead,6,6,10,10,0,0,0,0,8,9,0,0,0,9,8,0,0,0,0,0,0,0,0
966,966,HR,Senior,3,3,0,8,0,0,0,6,0,0,8,0,6,0,0,0,0,0,0,0,9,8,0
967,967,HR,Junior,1,1,0,9,0,0,0,1,0,0,7,0,2,0,0,0,0,0,0,0,5,7,0
968,968,Data Science,Junior,1,1,0,0,0,0,0,0,0,0,0,0,0,0,0,5,0,0,6,8,0,0,9
969,969,Data Science,Lead,9,8,0,0,0,0,0,0,0,0,0,0,0,0,0,10,10,0,9,10,0,0,8
970,970,Software Development,Junior,1,1,7,1,0,0,0,0,9,3,0,0,0,2,6,0,0,0,0,0,0,0,0
971,971,IT,Junior,1,1,0,0,5,8,7,0,0,0,0,6,0,0,0,0,0,5,0,0,0,0,0
972,972,Software Development,Senior,3,3,6,6,0,0,0,0,8,9,0,0,0,6,8,0,0,0,0,0,0,0,0
973,973,HR,Junior,1,1,0,5,0,0,0,6,0,0,0,0,8,0,0,0,0,0,0,0,3,9,0
974,974,Software Development,Senior,3,3,7,9,0,0,0,0,6,9,0,0,0,9,6,0,0,0,0,0,0,0,0
975,975,IT,Lead,6,6,0,0,8,8,9,0,0,0,0,9,0,0,0,0,0,10,0,0,0,0,0
976,976,Data Science,Junior,1,1,0,0,0,0,0,0,0,0,0,0,0,0,0,8,8,0,6,2,0,0,9
977,977,IT,Lead,6,6,0,0,8,9,9,0,0,0,0,10,0,0,0,0,0,9,0,0,0,0,0
978,978,IT,Lead,6,6,0,0,9,10,9,0,0,0,0,9,0,0,0,0,0,10,0,0,0,0,0
979,979,IT,Junior,1,1,0,0,9,7,5,0,0,0,0,4,0,0,0,0,0,6,0,0,0,0,0
980,980,Data Science,Junior,1,1,0,0,0,0,0,0,0,0,0,0,0,0,0,3,8,0,0,0,0,0,7
981,981,IT,Lead,6,6,0,0,10,10,9,0,0,0,0,9,0,0,0,0,0,9,0,0,0,0,0
982,982,IT,Junior,1,1,0,0,9,9,3,0,0,0,0,0,0,0,0,0,0,7,0,0,0,0,0
983,983,IT,Senior,4,4,0,0,8,6,6,0,0,0,0,6,0,0,0,0,0,8,0,0,0,0,0
984,984,HR,Senior,3,3,0,7,0,0,0,7,0,0,7,0,7,0,0,0,0,0,0,0,6,6,0
985,985,IT,Junior,1,1,0,0,3,7,4,0,0,0,0,5,0,0,0,0,0,1,0,0,0,0,0
986,986,Data Science,Lead,6,6,0,0,0,0,0,0,0,0,0,0,0,0,0,9,8,0,9,9,0,0,10
987,987,IT,Junior,1,1,0,0,9,3,6,0,0,0,0,1,0,0,0,0,0,9,0,0,0,0,0
988,988,IT,Junior,1,1,0,0,0,1,4,0,0,0,0,0,0,0,0,0,0,0,0,0,0,0,0
989,989,Data Science,Lead,7,6,0,0,0,0,0,0,0,0,0,0,0,0,0,8,9,0,8,8,0,0,9
990,990,IT,Lead,9,8,0,0,9,8,10,0,0,0,0,8,0,0,0,0,0,8,0,0,0,0,0
991,991,Data Science,Senior,4,3,0,0,0,0,0,0,0,0,0,0,0,0,0,9,6,0,6,8,0,0,9
992,992,IT,Lead,6,6,0,0,8,8,9,0,0,0,0,8,0,0,0,0,0,8,0,0,0,0,0
993,993,Data Science,Senior,4,3,0,0,0,0,0,0,0,0,0,0,0,0,0,7,7,0,6,8,0,0,9
994,994,IT,Lead,6,6,0,0,9,8,10,0,0,0,0,10,0,0,0,0,0,8,0,0,0,0,0
995,995,IT,Junior,1,1,0,0,3,1,7,0,0,0,0,8,0,0,0,0,0,0,0,0,0,0,0
996,996,HR,Senior,3,3,0,9,0,0,0,6,0,0,6,0,9,0,0,0,0,0,0,0,6,9,0
997,997,HR,Senior,3,3,0,9,0,0,0,8,0,0,7,0,6,0,0,0,0,0,0,0,8,7,0
998,998,IT,Senior,4,3,0,0,8,7,7,0,0,0,0,6,0,0,0,0,0,7,0,0,0,0,0
999,999,IT,Junior,1,1,0,0,7,0,3,0,0,0,0,6,0,0,0,0,0,5,0,0,0,0,0
1000,1000,Software Development,Junior,1,1,7,8,0,0,0,0,0,1,0,0,0,5,7,0,0,0,0,0,0,0,0
